shoe_id,name,brand,release_date,shoe_type,description,price,expert_rating,traction_rating,cushion_rating,materials_rating,support_rating,fit_rating,outdoor_rating,size,width
1,Reebok Engine A,Reebok,2025-05-01,Low Top,The Reebok Engine A is best for bigger players looking for solid impact protection.,119.99,8.2,8.0,8.7,8.3,8.0,8.0,25.0,slightly long,regular
2,Jordan Luka 4,Jordan,2025-04-01,Low Top,"This shoe is best for bigger, shifty guards.",129.99,8.1,8.4,8.1,7.6,8.1,8.1,13.0,true to size,regular
3,ANTA Kai 2,ANTA,2025-03-01,Low Top,"The KAI 2 is best for shifty guards who want a fast, responsive shoe.",139.99,8.5,9.3,8.4,8.0,8.3,8.5,33.0,true to size,regular
4,Li-Ning Wade 808 5 Ultra,Li-Ning,2025-03-01,Low Top,"This shoe is best for smaller, quicker, more explosive players.",159.99,8.9,9.5,9.9,8.1,8.6,8.2,70.0,slightly long,regular
5,Jordan Zion 4,Jordan,2025-02-01,Low Top,The Zion 4 is best for players with narrow feet who want extra support and comfortable cushioning.,139.99,7.8,7.6,8.5,7.6,7.6,7.8,8.0,true to size,slightly narrow
6,Nike KD 18,Nike,2025-02-01,Low Top,This shoe is best for players who enjoyed the KD 17 and want better support and lockdown.,159.99,8.2,8.3,7.8,8.4,8.5,7.8,38.0,true to size,regular
7,Nike LeBron NXXT Genisus,Nike,2025-02-01,High Top,This shoe is best for players who like supportive uppers.,149.99,8.2,7.9,8.3,7.8,8.7,8.2,50.0,true to size,regular
8,Nike GT Cut 3 Turbo,Nike,2025-02-01,Low Top,"This shoe is best for players who want a more stable, improved version of the previous model.",209.99,8.6,9.3,9.1,8.3,8.5,8.0,25.0,true to size,slightly narrow
9,361 Joker 1,361,2025-01-01,High Top,Players with a variety of play styles will enjoy this shoe thanks to the versatility of its features.,209.99,8.8,8.9,9.5,8.7,8.9,8.0,25.0,true to size,regular
10,Adidas Harden Volume 9,Adidas,2025-01-01,Low Top,This shoe is best for all positions prioritizing a secure upper and springy cushioning.,159.99,8.5,8.4,9.0,8.0,9.0,8.2,6.0,slightly long,regular
11,Puma Scoot Zero 2,Puma,2025-01-01,Low Top,This shoe is best for laterally quick players who use side-to-side movements.,109.99,8.2,9.1,7.3,7.9,8.5,8.3,0.0,true to size,regular
12,Rigorer AR 2,Rigorer,2025-01-01,Low Top,The AR 2 is best for guards who quickly get up and down the court.,99.99,8.4,8.6,9.1,7.8,8.5,8.2,50.0,true to size,regular
13,Under Armour Curry Fox 1,Under Armour,2024-12-01,Low Top,This shoe is best suited for nimble guards with good footwork.,119.99,8.2,8.8,8.0,8.0,8.3,8.0,0.0,true to size,regular
14,Adidas Dame Certified 3,Adidas,2024-12-01,Low Top,This shoe is a good low-budget shoe for stability.,84.99,7.6,7.0,7.5,7.3,8.0,8.3,50.0,slightly long,regular
15,Li-Ning Way of Wade All City 13,Li-Ning,2024-12-01,Low Top,"This shoe is best for quick, explosive guards but is versatile enough for everyone.",139.99,8.9,9.5,9.2,8.6,9.2,8.2,70.0,true to size,regular
16,Li-Ning Wade Shadow 6,Li-Ning,2024-12-01,Low Top,"This shoe offers something for all play styles but excels for explosive, snappy players.",119.99,8.5,9.0,8.9,7.9,8.7,8.0,100.0,true to size,regular
17,ANTA KT 10,ANTA,2024-12-01,Low Top,This shoe excels at everything. It has something to offer for all players.,129.99,8.9,9.0,9.5,8.4,9.0,8.6,50.0,true to size,regular
18,Jordan Tatum 3,Jordan,2024-11-01,Low Top,The Tatum 3 is best for players who move a lot on their forefoot.,124.99,7.7,7.7,7.6,8.1,7.3,7.8,10.0,true to size,regular
19,Nike Lebron 22,Nike,2024-11-01,Low Top,"This shoe is best for anyone looking for a comfortable, responsive, and bouncy cushioning setup.",179.99,8.5,8.4,9.3,8.0,8.9,8.3,40.0,slightly long,regular
20,Nike Ja 2,Nike,2024-10-01,Low Top,"The Ja 2 is best for players who enjoy light, speedy shoes with a bit of pop.",119.99,8.1,9.0,7.6,7.8,7.9,8.2,17.0,true to size,regular
21,Puma MB.04,Puma,2024-10-01,Mid Top,The shoe is best for those who enjoy the comfortable midsole and upper materials from previous Puma MB shoes.,124.99,7.9,7.6,8.1,7.8,8.0,7.8,0.0,true to size,regular
22,Nike Kobe 9 Elite Low Protro,Nike,2024-10-01,Low Top,This shoe is best for players looking for elite traction performance.,209.99,8.6,9.4,8.6,8.2,8.8,8.2,10.0,true to size,regular
23,ANTA Shock Wave 6,ANTA,2024-10-01,Low Top,This shoe is best suited for guards and other quick players.,149.99,8.6,9.0,8.4,8.5,8.8,8.4,88.0,true to size,slightly narrow
24,New Balance Hesi Low V2,New Balance,2024-09-01,Low Top,"This shoe is best for lighter, nimbler players.",109.99,8.4,9.4,8.6,7.8,8.2,8.0,38.0,true to size,regular
25,Adidas Dame 9,Adidas,2024-09-01,Low Top,The Dame 9 is best for players looking for soft cushioning and containment.,119.99,8.4,8.6,8.6,8.0,8.7,8.2,7.0,slightly long,slightly wide
26,Nike Giannis Immortality 4,Nike,2024-09-01,Low Top,The Nike Giannis Immortality 4 is best for players looking for a budget shoe with a durable outsole and supportive upper.,99.99,8.1,8.7,7.8,8.2,8.3,7.6,60.0,true to size,regular
27,New Balance TWO WXY V5,New Balance,2024-09-01,Low Top,The shoe plays well for all positions. It does it all.,119.99,8.7,9.4,8.7,8.3,8.7,8.3,70.0,true to size,regular
28,ANTA KAI 1 Speed,ANTA,2024-09-01,Low Top,This shoe is a good pick for players who want a more responsive version of the KAI 1.,124.99,8.9,9.3,8.6,8.5,9.1,9.0,13.0,slightly long,regular
29,Jordan Luka 3,Jordan,2024-08-01,Low Top,"The Luka 3 is best for shifty, balanced players who mainly play on clean courts.",139.99,8.2,8.4,8.0,7.9,8.7,8.1,50.0,true to size,regular
30,Air Jordan 39,Jordan,2024-08-01,Low Top,This is the perfect shoe for players who love explosive cushioning setups.,199.99,8.1,8.4,8.7,8.4,7.1,8.0,0.0,true to size,regular
31,Adidas A.E. 1 Low,Adidas,2024-08-01,Low Top,The shoe is best for shifty players who like to feel low to the ground.,109.99,8.1,8.7,8.0,7.9,8.1,7.6,17.0,slightly long,regular
32,Nike Zoom Freak 6,Nike,2024-08-01,Low Top,The shoe's responsiveness and light weight are better suited for lighter guards.,149.99,8.0,8.3,7.9,7.6,7.7,8.3,40.0,true to size,regular
33,Under Armour Curry 12,Under Armour,2024-08-01,Low Top,The Curry 12 is the perfect shoe for players who need elite traction on clean courts.,149.99,8.5,9.1,8.3,8.4,8.4,8.1,0.0,true to size,regular
34,Li-Ning Way of Wade All City 12 Encore,Li-Ning,2024-08-01,Low Top,This shoe has something for everyone. All players will enjoy the All City 12 Encore.,149.99,8.9,9.3,9.6,8.3,9.0,8.2,50.0,true to size,regular
35,Li-Ning Wade Ice Blood 2,Li-Ning,2024-08-01,Low Top,The shoe is best for guards who play low to the ground.,139.99,8.0,8.3,8.6,7.8,8.5,6.7,100.0,slightly small,slightly narrow
36,Li-Ning Way of Wade 11,Li-Ning,2024-07-01,Low Top,"The lightweight, well-cushioned Way of Wade 11 is recommended for players who like to get up and down the court and vertical.",224.99,8.9,9.4,9.4,8.4,9.2,8.1,14.0,true to size,regular
37,Adidas D.O.N. Issue 6,Adidas,2024-07-01,Low Top,The D.O.N. Issue 6 is best for quicker players looking for a bottom-light shoe.,119.99,8.5,9.6,8.0,8.0,8.5,8.4,17.0,slightly long,regular
38,Nike Sabrina 2,Nike,2024-07-01,Mid Top,The shoe is a great pick for responsive and quick guards. The court feel and responsiveness will cater well to that play style.,129.99,8.5,9.0,8.1,8.0,8.5,8.6,22.0,slightly long,slightly wide
39,Nike GT Hustle 3,Nike,2024-07-01,Mid Top,These shoes are best for bigs who get off the ground often and require impact protection.,189.99,8.4,8.4,9.5,8.4,7.6,8.1,40.0,true to size,regular
40,Nike G.T. Hustle Academy,Nike,2024-07-01,Low Top,This shoe is best for lighter players with a mobile play style.,94.99,7.0,8.3,5.3,7.4,6.3,7.6,33.0,true to size,regular
41,Li-Ning Wade 808 4 Ultra,Li-Ning,2024-07-01,Low Top,The 808 4 Ultra is best as a balanced performance shoe. It provides excellent performance in all aspects of the shoe.,94.99,8.7,9.4,9.5,8.0,8.3,8.2,25.0,true to size,regular
42,Nike Kobe Protro 8,Nike,2024-06-01,Low Top,The shoe is best for quicker guards looking for an excellent court feel.,189.99,8.4,9.3,7.7,7.9,8.5,8.3,20.0,true to size,regular
43,Nike G.T. Cut Cross,Nike,2024-05-01,Low Top,This is a solid option for outdoor play on a budget.,109.99,8.1,9.0,7.8,8.0,8.0,7.8,33.0,true to size,regular
44,Puma Stewie 3,Puma,2024-05-01,Low Top,Players who don't require much bounciness and excel with low-to-the-ground setups.,124.99,8.0,7.3,7.8,8.3,8.5,8.0,0.0,true to size,regular
45,Jordan Zion 3 SE,Jordan,2024-04-01,Low Top,The Jordan Zion 3 SE is best for narrow-foot players who like a drop-in midsole setup.,149.99,7.5,6.5,8.3,8.0,8.0,6.6,25.0,slightly small,slightly narrow
46,New Balance Kawhi 4,New Balance,2024-04-01,Low Top,"The New Balance Kawhi 4 is best for players who enjoy springy, plush cushioning setups.",169.99,8.4,8.9,8.8,8.2,8.2,7.9,14.0,slightly long,slightly wide
47,Nike KD 17,Nike,2024-04-01,Low Top,The Nike KD 17 is best for players who enjoyed the 16 and are looking for better traction.,149.99,8.1,8.8,8.5,7.9,7.6,7.7,25.0,slightly long,regular
48,Adidas Harden Volume 8,Adidas,2024-03-01,Low Top,The Harden Vol 8 is best for players who use powerful footwork to create space.,159.99,8.6,9.0,9.2,7.8,8.8,8.2,7.0,slightly long,regular
49,Jordan Tatum 2,Jordan,2024-03-01,Low Top,The Tatum 2 is best for players who prefer balanced setups with Air Strobel.,124.99,7.7,7.1,7.7,7.6,8.4,7.9,20.0,true to size,slightly narrow
50,ANTA KAI 1,ANTA,2024-03-01,Low Top,The Anta KAI 1 is best for tactile players looking for a responsive and low-to-the-ground setup.,124.99,8.4,8.2,8.8,8.2,8.4,8.2,36.0,slightly long,regular
51,Li-Ning JB 2,Li-Ning,2024-03-01,Low Top,This shoe is perfect for players who appreciate maximum comfort.,289.99,8.4,8.6,9.4,8.2,7.8,8.2,17.0,true to size,regular
52,Nike Book 1,Nike,2024-02-01,Low Top,"The Nike Book 1 is better for lighter, shiftier players.",149.99,8.3,8.6,8.0,8.7,7.9,7.9,50.0,true to size,regular
53,Under Armour Flow FUTR X Elite,Under Armour,2024-02-01,High Top,"This shoe is best for players who prefer a wider, more accommodating forefoot area during play.",149.99,8.2,9.2,8.0,7.9,8.2,7.5,0.0,slightly long,slightly wide
54,New Balance Fresh Foam BB V2,New Balance,2024-02-01,Low Top,Explosive players who emphasize a vertical play style will appreciate the New Balance Fresh Foam BB V2.,129.99,8.7,9.0,9.0,8.4,8.8,8.2,50.0,slightly long,regular
55,Nike Air Zoom G.T. Cut 3,Nike,2024-01-01,Low Top,The Nike G.T. Cut 3 is a shifty shoe best for guards.,189.99,8.3,8.7,8.8,8.0,7.8,8.2,17.0,slightly long,regular
56,Air Jordan 38 Low,Jordan,2024-01-01,Low Top,All players can take advantage of the comfortable cushioning and reliable traction.,174.99,8.6,8.3,9.5,8.4,8.3,8.2,25.0,slightly long,regular
57,Adidas Dame Certified 2.0,Adidas,2024-01-01,Low Top,"The shoe is for players who prefer thin, responsive cushion setups with grippy traction.",89.99,8.2,8.7,7.5,8.0,8.3,8.3,75.0,slightly long,slightly wide
58,Nike G.T. Cut Academy,Nike,2024-01-01,Low Top,This shoe is best for players looking for shifty and reliable traction.,94.99,8.2,9.1,8.0,7.6,7.9,8.1,40.0,true to size,regular
59,Jordan One Take 5,Jordan,2024-01-01,Low Top,The Jordan One Take 5 is best for players who play around the hoop.,99.99,7.4,7.8,7.4,7.2,7.6,7.3,33.0,slightly long,regular
60,Adidas Adizero Select 2.0,Adidas,2024-01-01,Low Top,The Adizero Select 2.0 is best for side-to-side shiftiness.,109.99,7.6,8.0,7.0,8.2,7.6,7.4,0.0,slightly long,regular
61,Adidas AE 1,Adidas,2023-12-01,Mid Top,The shoe is best for more powerful players who can utilize the bottom-heavy cushioning.,119.99,8.7,9.2,9.0,8.0,8.5,8.7,21.0,slightly long,slightly wide
62,Puma Scoot Zeros,Puma,2023-12-01,Low Top,This shoe is best for guards who prefer a responsive cushion setup over impact protection.,99.99,7.6,7.8,7.1,7.3,8.0,8.0,25.0,true to size,regular
63,Under Armour Curry Spawn FloTro,Under Armour,2023-12-01,High Top,This shoe is best for guards with fast play styles who benefit from the Flow traction.,129.99,8.4,10.0,8.3,7.8,7.8,8.3,0.0,true to size,regular
64,Li-Ning Way of Wade All City 12,Li-Ning,2023-12-01,Low Top,The Way of Wade All City 12 is best for guards or players who play fast and rely on court feel and responsiveness.,149.99,8.9,9.3,9.4,8.3,9.1,8.3,83.0,slightly long,regular
65,Adidas D.O.N. Issue 5,Adidas,2023-11-01,Low Top,The Adidas D.O.N. Issue #5 is best for players who like to get up and down the court quickly.,119.99,8.1,8.3,7.3,8.0,8.7,8.3,50.0,true to size,regular
66,New Balance Hesi Low,New Balance,2023-11-01,Low Top,The New Balance Hesi Low is best for shifty players who don't need much impact protection.,109.99,7.7,7.5,7.5,7.5,8.0,8.0,100.0,true to size,slightly wide
67,Nike Lebron 21,Nike,2023-10-01,Low Top,"The Nike LeBron 21 is fit for all play styles because of the mix of traction, cushioning and support.",199.99,8.9,9.0,9.4,8.5,9.0,8.4,8.0,true to size,regular
68,New Balance TWO WXY V4,New Balance,2023-10-01,Low Top,This is the perfect pick for players seeking versatility in play style and court surface durability.,119.99,8.4,8.7,8.5,8.0,8.6,8.2,75.0,slightly long,regular
69,Jordan Zion 3,Jordan,2023-10-01,Low Top,The Zion 3 is best for heavier players with fast-paced play styles.,139.99,8.0,7.9,8.3,7.8,8.4,7.3,25.0,true to size,slightly narrow
70,ANTA KT 9,ANTA,2023-10-01,Mid Top,This shoe is best for players seeking stability and impact protection.,169.99,8.7,8.5,9.1,8.5,9.1,8.0,0.0,true to size,slightly narrow
71,Nike Lebron Witness 8,Nike,2023-10-01,Mid Top,The Witness 8s are best for flat-footed players who rely on moving up and down the court.,109.99,7.7,8.5,7.0,7.6,7.0,8.3,63.0,true to size,regular
72,Li-Ning Wade Shadow 5,Li-Ning,2023-10-01,Low Top,This shoe is best for outdoor play.,129.99,8.0,7.7,7.7,8.0,9.0,7.7,100.0,true to size,regular
73,Adidas Trae Young 3,Adidas,2023-09-01,Low Top,"This shoe is meant for shifty players with a quick, grounded playstyle.",139.99,8.0,8.4,8.2,7.6,8.2,7.4,0.0,slightly long,slightly wide
74,Puma MB.03,Puma,2023-09-01,Mid Top,This shoe is best for players who want a stable shoe with plenty of impact protection.,139.99,8.3,8.3,8.1,8.0,8.6,8.3,20.0,slightly long,regular
75,361 AG 4,361,2023-09-01,Low Top,This shoe is best for players who jump often and require soft cushioning.,99.99,8.6,9.3,9.0,8.3,8.3,8.3,38.0,slightly long,regular
76,Under Armour Curry 11,Under Armour,2023-09-01,Low Top,The Under Armour Curry 11 is the perfect shoe for quick and shifty guards.,159.99,8.7,9.3,8.7,8.5,8.4,8.4,13.0,true to size,regular
77,Air Jordan 38,Jordan,2023-08-01,High Top,This is a perfect shoe for players looking for maximalist containment.,199.99,8.6,8.5,9.3,8.6,8.6,8.1,13.0,slightly long,regular
78,Nike KD 16,Nike,2023-08-01,Low Top,The shoe has something for all positions. There are no outstanding weaknesses.,159.99,8.4,8.4,8.7,8.1,8.5,8.2,13.0,true to size,regular
79,Nike Giannis Immortality 3,Nike,2023-08-01,Low Top,The Giannis Immortality 3 is a perfect budget pick for quick and minimal players.,84.99,7.9,8.6,7.6,7.6,8.0,7.8,60.0,true to size,regular
80,Rigorer AR 1,Rigorer,2023-08-01,Low Top,These shoes are a fantastic pick for players who change their pace often.,139.99,8.4,9.3,8.1,8.1,8.5,8.0,67.0,slightly long,regular
81,Nike Sabrina 1,Nike,2023-08-01,Low Top,The Nike Sabrina 1 is best for shifty guard-type players.,129.99,8.3,8.6,8.0,8.3,8.4,8.1,22.0,true to size,regular
82,Nike G.T. Hustle 2,Nike,2023-08-01,Mid Top,The Hustle 2 is the perfect shoe for players who want to get up the court quickly.,169.99,8.1,8.1,8.5,8.0,7.9,7.9,17.0,true to size,regular
83,Nike Zoom Freak 5,Nike,2023-07-01,Low Top,The Zoom Freak 5s are best for players looking for a minimal shoe that doesn't sacrifice many features.,139.99,8.2,8.7,8.2,7.4,7.8,7.9,30.0,slightly long,regular
84,Nike G.T. Jump 2,Nike,2023-07-01,High Top,Any players who thrive with maximalist cushioning will love the Nike G.T. Jump 2.,179.99,8.6,8.6,9.7,8.1,8.5,7.9,20.0,slightly long,regular
85,Li-Ning Wade 808 3 Ultra,Li-Ning,2023-07-01,Low Top,The perfect shoe for bouncy players who enjoy low profile yet sturdy shoes.,199.99,8.6,9.2,8.6,8.0,9.0,8.0,50.0,slightly long,regular
86,Jordan Luka 2,Jordan,2023-06-01,Low Top,Guards and wings who make quick cuts and stepbacks will benefit the most from this shoe.,129.99,8.3,8.5,7.8,8.0,8.9,8.0,17.0,slightly long,slightly wide
87,Puma All Pro Nitro,Puma,2023-06-01,Low Top,Players looking for a versatile shoe that's not expensive will love the Puma All Pro Nitro.,129.99,8.5,9.3,8.9,7.7,8.5,8.3,38.0,true to size,slightly wide
88,ANTA Shock Wave 5,ANTA,2023-06-01,Low Top,Shifty players who enjoy court feel and grippy traction will like the Anta Shock Wave 5.,199.99,8.3,9.0,8.6,7.8,8.2,8.2,100.0,true to size,regular
89,Nike Cosmic Unity 3,Nike,2023-05-01,Low Top,This shoe is potentially an excellent pick for outdoor players.,169.99,8.0,7.6,7.2,8.6,8.6,8.2,100.0,slightly long,regular
90,Li-Ning Wade Fission 8,Li-Ning,2023-05-01,Low Top,The Fission 8 is best for faster players who use quick movements to their advantage.,119.99,8.4,8.7,8.0,8.3,8.5,8.3,92.0,slightly long,slightly wide
91,Puma Stewie 2,Puma,2023-05-01,Low Top,This shoe is best for players looking for a low-cut version of the MB.02.,124.99,8.3,8.4,8.6,8.2,8.4,8.0,0.0,true to size,regular
92,Li-Ning Wade All City 11 V2,Li-Ning,2023-05-01,Low Top,The All City V2 is a solid pickup for fans of the V1 who want sturdier materials.,149.99,8.8,9.0,9.0,8.7,9.2,8.2,100.0,true to size,regular
93,Jordan Tatum 1,Jordan,2023-04-01,Low Top,A good pickup for bouncy players looking for a lightweight shoe.,119.99,7.9,7.8,8.5,8.1,7.4,7.9,0.0,slightly long,regular
94,Li-Ning Wade 808 2 Ultra V2,Li-Ning,2023-04-01,High Top,This shoe is a solid pick for players looking for something similar to the Kobe line.,159.99,8.5,9.0,8.5,8.0,8.8,8.3,75.0,slightly long,regular
95,Adidas BYW Select,Adidas,2023-04-01,Low Top,The BYW Select is an all-around shoe that performs well in all categories.,149.99,8.1,8.0,8.5,7.5,8.0,8.5,25.0,true to size,slightly wide
96,ANTA GH 4,ANTA,2023-04-01,Low Top,The shoe is perfect for powerful playstyles because of the support and cushioning.,229.99,8.6,8.8,8.8,8.3,9.3,8.0,83.0,slightly long,regular
97,Jordan Why Not Zero.6,Jordan,2023-03-01,Low Top,A great pickup for players with straight-line speed and explosiveness.,139.99,7.9,7.7,7.8,7.7,8.6,7.8,13.0,slightly long,slightly wide
98,Nike Ja 1,Nike,2023-03-01,Low Top,A good pickup for shifty guards who play low to the ground.,109.99,8.2,8.8,8.0,7.8,8.4,8.2,44.0,true to size,regular
99,New Balance Kawhi 3,New Balance,2023-03-01,Mid Top,A great pick for players looking for versatile cushioning on clean courts.,159.99,8.2,8.3,8.3,7.8,8.3,8.5,75.0,true to size,regular
100,Li-Ning Wade All City 11,Li-Ning,2023-03-01,Low Top,An optimal pickup for springy players looking for comfortable cushioning.,159.99,8.5,8.1,9.0,8.2,9.0,8.3,70.0,slightly long,regular
101,Under Armour Spawn 5,Under Armour,2023-03-01,Low Top,Price-conscious players who enjoy low-profile cushioning setups will enjoy this shoe.,99.99,7.6,7.0,8.0,7.5,7.5,8.0,50.0,true to size,regular
102,Li-Ning Wade Son of Flash,Li-Ning,2023-03-01,Low Top,This shoe is a good pick for quick guards looking for responsive cushioning.,134.99,8.5,9.0,8.2,8.3,8.6,8.3,90.0,true to size,regular
103,Under Armour Curry 2 Low FloTro,Under Armour,2023-03-01,Low Top,The shoe is a solid pick for fans of older Curry models who want modern tech.,149.99,8.4,10.0,8.0,8.5,7.5,8.0,90.0,true to size,regular
104,Adidas Trae Unlimited,Adidas,2023-03-01,Low Top,Players with grounded play styles will benefit the most from the Adidas Trae Unlimited.,89.99,8.1,8.5,7.5,8.0,8.5,8.0,25.0,true to size,slightly wide
105,Nike LeBron NXXT Gen,Nike,2023-02-01,Low Top,This shoe is a good pick for players who don't need maximum cushioning but still want Zoom.,159.99,8.7,9.0,8.6,8.4,8.7,8.8,50.0,true to size,regular
106,Adidas Harden Volume 7,Adidas,2023-02-01,Mid Top,The perfect shoe for those with versatile playstyles.,159.99,8.7,9.0,9.1,7.8,8.9,8.8,50.0,slightly long,slightly wide
107,Li-Ning Ice Blood V2,Li-Ning,2023-01-01,Low Top,"Lighter, shifty guards will enjoy the Ice Blood V2.",99.99,8.1,8.3,8.0,8.0,7.8,8.5,88.0,true to size,regular
108,Air Jordan 37 Low,Jordan,2023-01-01,Low Top,A perfect selection for players who want bouncy cushioning in a low-top shoe.,174.99,8.3,8.3,9.0,8.3,8.0,8.0,33.0,true to size,regular
109,Li-Ning Jimmy Butler 1,Li-Ning,2023-01-01,Low Top,"A perfect pickup for fast, quick players who rely on stability.",139.99,8.2,8.0,8.8,7.6,8.8,8.0,10.0,true to size,regular
110,Jordan One Take 4,Jordan,2022-12-01,Low Top,Players who mainly play outdoors and prefer responsive cushioning will enjoy this shoe.,99.99,8.1,9.5,7.0,7.5,7.8,8.5,50.0,slightly long,slightly wide
111,New Balance TWO WXY V3,New Balance,2022-11-01,Low Top,Shifty guards who rely on traction will love this shoe.,119.99,8.7,9.3,7.6,8.4,9.1,9.2,14.0,true to size,regular
112,Li-Ning Way of Wade All City 10 V2,Li-Ning,2022-11-01,Low Top,A great pick for players looking for maximum performance without a max price tag.,149.99,8.7,8.4,9.2,8.2,9.2,8.4,80.0,slightly long,regular
113,Adidas Dame Certified,Adidas,2022-11-01,Low Top,Budget-conscious players will enjoy the traction and versatility of the Dame Certified.,94.99,8.2,8.8,7.5,8.5,7.9,8.1,88.0,slightly long,regular
114,361 DVD 1,361,2022-11-01,Low Top,Players with quick changes of direction and shifty speed changes will benefit the most from the traction and cushioning setup.,94.99,8.1,8.8,8.5,7.3,8.0,8.0,88.0,slightly long,regular
115,361 AG 3,361,2022-11-01,High Top,This shoe is best for agile centers and power forwards who need support during quick movements.,159.99,8.3,9.0,7.5,8.0,9.0,8.0,50.0,true to size,slightly narrow
116,Under Armour Curry 10,Under Armour,2022-10-01,Low Top,Anyone that utilizes traction to maximize footwork,159.99,8.8,9.6,8.2,8.2,8.9,8.8,7.0,true to size,regular
117,Adidas D.O.N Issue #4,Adidas,2022-10-01,Mid Top,A solid pick for shifty guards who need containment.,119.99,7.9,8.0,7.5,8.0,8.0,7.8,67.0,slightly long,regular
118,Adidas Trae Young 2.0,Adidas,2022-10-01,Low Top,A great pick for players who enjoy an all-knit construction and the freedom it brings.,139.99,8.1,7.8,8.8,8.0,8.3,7.5,50.0,slightly long,slightly wide
119,Nike Air Deldon,Nike,2022-10-01,High Top,A great pick for players who play on clean courts and enjoy full-length Air.,119.99,7.7,6.0,8.0,7.7,8.3,8.3,0.0,true to size,regular
120,Puma MB.02,Puma,2022-10-01,Mid Top,Players who rely on footwork and enjoy extra impact protection,129.99,8.2,8.8,7.8,7.7,8.6,8.3,0.0,true to size,regular
121,Nike Zoom Freak 4,Nike,2022-09-01,Low Top,Players looking for solid performance and springy cushioning on a budget will enjoy this shoe.,134.99,8.3,8.5,8.2,8.0,8.2,8.0,0.0,true to size,slightly wide
122,Air Jordan 37,Jordan,2022-09-01,High Top,Recommended for forefoot-heavy players looking for a bouncy setup,184.99,8.3,8.3,8.8,8.3,7.8,8.4,50.0,slightly long,slightly wide
123,Nike Lebron 20,Nike,2022-09-01,Low Top,Quick and explosive players will enjoy this shoe the most.,199.99,8.8,9.4,8.9,8.5,8.4,8.6,6.0,true to size,regular
124,Li-Ning Wade 808 2,Li-Ning,2022-09-01,Low Top,Players who are fans of the Kobe 9 traction and cushioning setup,119.99,8.6,9.7,8.7,8.2,8.7,7.8,70.0,true to size,regular
125,ANTA KT 8,ANTA,2022-09-01,High Top,"The Anta KT 8 is recommended for all different players. It has traction, cushioning, and support for most positions.",169.99,8.4,8.4,8.6,8.2,8.6,8.4,17.0,true to size,regular
126,Nike Air Zoom G.T. Cut 2,Nike,2022-08-01,Low Top,Shifty players who enjoy lots of cushioning,129.99,8.5,8.8,9.3,8.0,7.9,8.4,40.0,slightly long,regular
127,Nike Cosmic Unity 2,Nike,2022-08-01,Low Top,Players that want cushioning but also want to feel low to the ground,159.99,8.4,9.2,9.0,8.2,7.4,8.1,30.0,true to size,regular
128,Puma TRC Blaze Court,Puma,2022-08-01,Low Top,Guards with a quick playstyle,119.99,8.4,8.5,8.6,7.1,8.5,8.4,0.0,slightly long,slightly wide
129,Puma Rise NITRO,Puma,2022-08-01,Mid Top,Players looking for a comfortable and reliable shoe,124.99,8.0,7.8,7.7,8.3,8.1,8.3,10.0,true to size,regular
130,Under Armour Curry HOVR Splash,Under Armour,2022-07-01,Mid Top,Available at2shops| Official Retail Price: $109.99,109.99,7.8,7.0,8.0,8.0,8.0,8.0,10.0,true to size,slightly wide
131,Nike Giannis Immortality 2,Nike,2022-07-01,Low Top,"Recommended for smaller, shifty guards.",84.99,7.7,8.5,7.1,7.0,7.9,7.8,50.0,slightly long,regular
132,Jordan Luka 1,Jordan,2022-07-01,Low Top,Recommended for players that use a lot of side steps and other lateral movements.,109.99,8.5,9.4,7.9,8.3,8.6,8.3,30.0,slightly long,slightly wide
133,Li-Ning Way of Wade 10,Li-Ning,2022-07-01,Low Top,"This shoe is an excellent pick for quick, explosive players who enjoy a bouncy feeling in their shoes.",109.99,8.9,9.3,9.6,8.0,8.7,8.7,0.0,true to size,regular
134,Nike Precision 6,Nike,2022-07-01,Low Top,Excellent shoe for budget-conscious players.,74.99,7.9,8.0,7.3,8.0,8.3,8.0,75.0,true to size,regular
135,Puma MB.01 Lo,Puma,2022-07-01,Low Top,Players who want an all-around performer with no weaknesses.,119.99,8.9,9.4,8.9,8.5,8.9,8.5,33.0,true to size,regular
136,New Balance TWO WXY V2,New Balance,2022-06-01,Low Top,Ideal for players willing to give up some cushion for the other performance aspects fundamentals will enjoy this shoe.,129.99,8.5,9.6,8.2,8.6,7.8,8.5,38.0,true to size,regular
137,Jordan Zion 2,Jordan,2022-06-01,Mid Top,Recommended for players that rely on lateral cuts and movements.,139.99,8.3,8.4,8.2,8.0,8.7,7.9,58.0,true to size,regular
138,Air Jordan 36 Low,Jordan,2022-06-01,Low Top,Awesome shoe for players with explosive play styles looking for the extra lift when jumping.,184.99,9.2,9.6,9.6,8.9,8.9,9.0,17.0,true to size,regular
139,Under Armour Curry 4 FloTro,Under Armour,2022-06-01,High Top,The perfect shoe for players who rely on footwork and quick movements,139.99,8.7,10.0,8.5,8.5,7.8,8.5,25.0,slightly long,slightly wide
140,Under Armour HOVR Havoc 4 Clone,Under Armour,2022-05-01,High Top,Recommended for anyone playing primarily on clean courts looking for court feel and responsiveness.,119.99,7.5,7.5,7.5,7.0,7.0,8.5,50.0,true to size,regular
141,Nike Renew Elevate 3,Nike,2022-05-01,Low Top,Perfect for players that need a reliable outdoor shoe.,79.99,7.4,8.0,7.0,7.3,7.0,7.5,67.0,slightly long,regular
142,Nike Kyrie Low 5,Nike,2022-04-01,Low Top,A great pick for players that rely on quick footwork.,109.99,8.3,9.4,7.9,7.9,8.1,8.0,25.0,true to size,regular
143,Nike KD 15,Nike,2022-04-01,Low Top,Best for players looking for a shoe that covers all the bases.,149.99,9.0,9.7,9.5,8.6,8.6,8.7,8.0,slightly long,regular
144,Nike Lebron 19 Low,Nike,2022-03-01,Low Top,Players looking for a less bulky LeBron shoe.,159.99,8.2,7.8,8.6,8.4,8.0,8.3,50.0,slightly long,regular
145,New Balance Kawhi 2,New Balance,2022-03-01,High Top,Best for forwards and centers that need strong traction and stability.,159.99,8.3,8.3,7.8,8.6,8.5,8.0,71.0,true to size,regular
146,ANTA KT 7,ANTA,2022-03-01,High Top,The Anta KT 7 is best for players looking for a solid foundation of stability and comfortable cushioning.,169.99,8.3,8.0,9.3,8.7,8.0,7.7,50.0,true to size,regular
147,Jordan Why Not Zero.5,Jordan,2022-02-01,Mid Top,Players that enjoy the feeling of forefoot Zoom.,149.99,7.8,6.8,8.0,8.0,8.0,8.3,0.0,slightly long,slightly wide
148,Nike Air Zoom GT Jump,Nike,2022-02-01,High Top,Best for players with an explosive play style looking for good cushioning.,179.99,8.8,8.6,10.0,8.3,8.9,8.4,20.0,true to size,regular
149,Adidas Harden Vol. 6,Adidas,2022-02-01,Low Top,Great shoe for fans of the full-length Boost setup,139.99,8.4,8.9,8.9,7.5,8.8,7.9,75.0,slightly long,slightly wide
150,Nike PG 6,Nike,2022-02-01,Low Top,Best for players looking for a well-balanced performance shoe.,119.99,8.4,9.1,8.4,7.9,8.3,8.2,0.0,slightly long,regular
151,Jordan Zoom Separate,Jordan,2022-01-01,Low Top,Best for forefoot heavy players that need the cushion.,119.99,8.4,8.9,8.7,7.6,8.7,8.3,63.0,slightly long,regular
152,Puma MB.01,Puma,2022-01-01,Mid Top,Good fit for players that are looking for a solid overall shoe.,124.99,8.5,8.7,8.4,8.1,8.4,8.6,50.0,slightly long,regular
153,Nike Fly By Mid 3,Nike,2022-01-01,Low Top,Players who are budget conscious or who're looking for a pair to beat up.,64.99,7.5,8.0,8.1,7.2,7.0,7.2,100.0,slightly long,regular
154,Adidas Harden Stepback 3,Adidas,2022-01-01,Low Top,Recommended for guards that heavily rely on footwork,79.99,8.2,8.5,7.8,8.0,8.0,8.5,83.0,true to size,slightly wide
155,Nike Kyrie 8,Nike,2021-12-01,High Top,Best for players looking for a shoe with no real weaknesses.,139.99,8.5,8.3,9.0,8.6,8.3,8.4,38.0,true to size,regular
156,Under Armour Curry 9,Under Armour,2021-12-01,Low Top,Great shoe if you rely on traction and court feel.,159.99,8.9,9.6,8.3,8.6,8.9,8.6,75.0,true to size,regular
157,Adidas Dame 8,Adidas,2021-12-01,Low Top,"Recommended if you play on clean courts and looking for comfortable, supportive shoes.",119.99,7.9,7.3,8.3,8.0,8.3,7.7,50.0,slightly long,slightly wide
158,Nike Kyrie Flytrap 5,Nike,2021-11-01,Low Top,Players that like a responsive shoe and don't need impact protection.,89.99,7.0,6.8,6.5,7.0,7.5,7.0,75.0,true to size,regular
159,Nike Lebron 19,Nike,2021-11-01,High Top,Perfect if you enjoy extra cushion and impact protection.,199.99,8.3,7.1,9.3,8.3,8.9,8.1,25.0,slightly long,regular
160,Jordan One Take 3,Jordan,2021-11-01,Low Top,Anyone looking for a price-conscious shoe without sacrificing anything performance-wise.,99.99,8.0,8.5,8.0,7.5,8.0,8.0,50.0,slightly long,regular
161,Nike Lebron Witness 6,Nike,2021-10-01,Low Top,Players that really like the aesthetic or players that are looking for a shoe that can hold up outdoors.,99.99,7.4,7.4,7.0,7.8,7.0,7.7,83.0,true to size,regular
162,Nike Air Max Impact 3,Nike,2021-10-01,Mid Top,Good choice for players that are looking for a shoe to beat up outdoors,89.99,8.4,9.3,7.7,8.0,8.5,8.0,100.0,true to size,slightly wide
163,Air Jordan 36,Jordan,2021-09-01,High Top,Great for players that are looking for a top-tier performance basketball shoe.,184.99,9.1,9.0,9.4,9.0,9.1,8.9,25.0,true to size,regular
164,Puma Fusion Nitro Spectra,Puma,2021-09-01,Low Top,Players that are looking for grippy traction.,129.99,7.6,8.5,8.0,6.5,6.5,8.5,0.0,true to size,regular
165,Adidas Trae Young 1,Adidas,2021-09-01,Low Top,Fans of Trae Young that are looking for a comfortable cushion setup.,139.99,8.2,7.7,8.9,8.3,8.0,7.9,40.0,slightly long,slightly wide
166,Under Armour Flow FUTR X,Under Armour,2021-08-01,Low Top,Perfect shoe for guards that have a quick style of play.,119.99,8.3,10.0,8.0,7.3,8.0,8.0,50.0,true to size,slightly wide
167,Adidas Exhibit A,Adidas,2021-08-01,Low Top,Great for players that have a quick and shifty play style.,109.99,8.3,8.3,8.8,7.8,8.8,8.0,0.0,slightly long,slightly wide
168,Adidas D Rose Son Of Chi,Adidas,2021-08-01,High Top,Players with quick playstyles and don't need lots of impact protection.,99.99,8.0,9.0,8.0,7.3,8.0,7.7,50.0,true to size,regular
169,Adidas D.O.N Issue #3,Adidas,2021-07-01,Low Top,Best for players looking for a responsive and lightweight shoe.,109.99,8.0,8.3,7.6,8.1,8.0,7.7,50.0,slightly long,slightly wide
170,Nike Zoom Freak 3,Nike,2021-07-01,Low Top,Good choice for players that enjoy a lightweight and minimal feeling shoe.,119.99,8.1,8.1,7.9,8.0,7.9,8.7,20.0,true to size,regular
171,Nike Air Zoom G.T. Run,Nike,2021-07-01,Mid Top,Recommended for players that look for cushion and impact protection.,174.99,8.1,8.0,8.7,7.9,7.8,8.0,20.0,slightly long,regular
172,Nike Giannis Immortality,Nike,2021-07-01,Low Top,Best for price-conscious players looking for a shoe that feels quick.,79.99,7.8,8.8,7.8,7.0,7.5,8.0,100.0,true to size,regular
173,Nike Kyrie Low 4,Nike,2021-06-01,Low Top,Especially recommended for guards that want a responsive shoe.,109.99,8.2,8.7,7.2,8.3,8.5,8.3,0.0,true to size,regular
174,Under Armour Curry 3Z5,Under Armour,2021-06-01,Low Top,Guards who want to play quick but still like impact protection.,79.99,8.4,9.0,8.5,8.0,7.8,8.5,25.0,true to size,regular
175,Nike Air Zoom G.T. Cut,Nike,2021-05-01,Low Top,Players that like a fast and responsive shoe.,169.99,8.8,8.8,9.6,8.6,8.6,8.5,40.0,true to size,regular
176,Jordan Zion 1,Jordan,2021-05-01,Mid Top,A very versatile shoe that will work for most players.,119.99,8.0,7.6,8.4,7.5,8.5,7.9,83.0,true to size,regular
177,Nike KD Trey 5 IX,Nike,2021-05-01,Low Top,"Solid pickup if you are looking for lightweight, minimal, and affordable basketball shoes.",89.99,7.9,7.5,8.0,8.0,8.5,7.5,50.0,slightly long,regular
178,Adidas N3XT L3V3L Futurenatural,Adidas,2021-04-01,Mid Top,Best for guards or wings who need a lot of responsiveness with some ankle support.,179.99,8.4,8.0,8.0,8.5,8.7,8.8,50.0,slightly long,regular
179,Nike KD 14,Nike,2021-04-01,Mid Top,A versatile shoe that works for all type of players.,149.99,8.9,9.4,9.3,8.1,8.7,8.3,25.0,true to size,regular
180,Nike Precision 5,Nike,2021-04-01,Low Top,A good shoe for those who like court feel and don't need much impact protection.,69.99,8.1,9.0,7.3,8.3,8.0,8.0,50.0,slightly long,regular
181,Puma Court Rider,Puma,2021-04-01,Low Top,Players that enjoy low to the ground shoes.,99.99,8.2,8.0,8.0,8.5,8.3,8.0,100.0,slightly long,regular
182,Under Armour Anatomix Spawn 3,Under Armour,2021-03-01,Low Top,Great for any position or player who wants a balanced cushion setup.,99.99,9.0,9.5,10.0,8.0,8.5,9.0,50.0,slightly long,regular
183,Nike Cosmic Unity,Nike,2021-03-01,Low Top,Best for players who need a good mix of impact protection and court feel.,149.99,8.8,8.3,9.3,9.0,8.8,8.8,33.0,slightly long,regular
184,Nike Lebron 18 Low,Nike,2021-03-01,Low Top,Great for forwards or centers who need a lot of impact protection.,159.99,8.5,8.3,8.8,7.8,8.5,8.8,50.0,slightly long,regular
185,New Balance TWO WXY,New Balance,2021-03-01,Mid Top,Great for players of any position who look for court feel and ankle support.,139.99,8.9,9.5,9.0,8.5,9.0,8.5,50.0,slightly long,regular
186,Nike PG 5,Nike,2021-02-01,Low Top,"Works best for players that prefer a minimal, lightweight, and responsive shoe no matter what position they play.",109.99,8.8,9.5,8.8,8.0,8.3,8.3,50.0,slightly long,regular
187,Li-Ning Way of Wade 9 Infinity,Li-Ning,2021-02-01,High Top,Players that like to take advantage of their straight-line speed.,109.99,8.5,9.0,8.0,8.7,8.3,8.3,100.0,slightly long,regular
188,Li-Ning Way of Wade 9,Li-Ning,2021-02-01,Low Top,"Recommended for most playstyles, but more so for laterally, shifty players.",109.99,8.2,8.0,8.0,8.0,9.0,8.0,50.0,true to size,slightly narrow
189,Adidas Harden Vol. 5,Adidas,2021-01-01,Low Top,Only recommended for players who hoop outdoors and need a responsive shoe.,129.99,6.9,6.8,6.8,6.8,7.5,7.3,100.0,slightly long,slightly wide
190,Nike Kobe 6 Protro,Nike,2021-01-01,Low Top,"Players who want a strong performing, balanced shoe.",179.99,8.9,9.6,9.0,8.6,8.6,8.4,50.0,true to size,regular
191,Adidas Harden Stepback 2,Adidas,2021-01-01,Low Top,Best for guards or wings who want court feel and don't need a lot of compression.,79.99,8.3,8.5,7.5,9.0,8.0,8.5,100.0,slightly long,regular
192,Jordan Why Not Zero.4,Jordan,2021-01-01,Mid Top,Great for players who like forefoot Zoom and don't make a lot of lateral moves.,129.99,8.3,7.7,9.0,8.3,8.3,8.3,25.0,slightly long,slightly wide
193,Jordan One Take 2,Jordan,2021-01-01,Low Top,Only recommended for players who need an affordable option for primarily outdoor play.,99.99,7.4,7.5,7.5,7.0,7.0,8.0,25.0,true to size,regular
194,Jordan Jumpman 2021,Jordan,2021-01-01,Mid Top,Best for quick players who need the cushioning to take care of their legs.,109.99,9.1,9.5,9.0,9.0,9.0,9.0,0.0,slightly long,slightly wide
195,Under Armour Curry 8,Under Armour,2020-12-01,Low Top,Great all around hoop shoe for guards and wings.,159.99,8.9,9.9,8.8,8.8,8.4,8.2,67.0,true to size,regular
196,Adidas D Rose 11,Adidas,2020-12-01,Mid Top,Great for wide footers or those who prefer a roomier fit.,139.99,8.4,9.0,9.0,7.5,9.0,7.5,100.0,slightly long,slightly wide
197,Nike Zoom Rize 2,Nike,2020-12-01,Mid Top,Works for centers as well as explosive down-the-line guards.,159.99,8.9,9.3,9.3,9.0,8.5,9.0,50.0,slightly long,regular
198,Puma Clyde All-Pro,Puma,2020-12-01,Low Top,Great for any position or player who likes responsive cushion and a minimal feel.,129.99,9.1,9.5,9.0,9.0,8.8,9.1,50.0,slightly long,regular
199,Li-Ning Wade All City 9,Li-Ning,2020-12-01,Low Top,A great pick for just about any position.,129.99,8.5,8.5,9.5,8.0,8.0,9.0,75.0,slightly long,regular
200,Nike Kyrie 7,Nike,2020-11-01,Mid Top,Great for quick players like guards who are shifty and make a lot of cuts.,139.99,8.6,8.4,8.4,8.2,8.6,8.4,33.0,true to size,regular
201,Nike Lebron Witness 5,Nike,2020-11-01,Mid Top,Great for players of all positions looking for a <$100 hoop shoe.,99.99,8.7,8.5,8.0,9.0,9.0,9.0,0.0,slightly long,regular
202,New Balance Kawhi 1,New Balance,2020-11-01,Mid Top,Best for bigger players who need a very supportive and rigid shoe.,159.99,8.5,8.5,8.5,7.8,9.4,8.3,75.0,true to size,regular
203,Nike Kyrie Flytrap 4,Nike,2020-11-01,Mid Top,Great for quick guards who need a cheap and responsive shoe.,89.99,7.7,7.0,7.0,7.5,9.0,8.0,25.0,true to size,regular
204,Nike Lebron 18,Nike,2020-10-01,High Top,Great for big guys who like soft and comfortable cushioning.,199.99,8.2,8.3,9.5,8.3,7.0,8.2,38.0,slightly long,slightly wide
205,Air Jordan 35,Jordan,2020-10-01,High Top,The perfect shoe for players of every position who want a premium experience.,179.99,9.0,8.7,9.8,8.8,9.0,8.5,0.0,true to size,regular
206,Adidas Dame 7,Adidas,2020-10-01,Low Top,A perfectly balanced shoe that fits any position or player.,109.99,8.7,9.0,9.0,8.0,9.0,8.5,100.0,slightly long,slightly wide
207,Nike Kyrie Low 3,Nike,2020-09-01,Low Top,Best for guards or wings who need a lot of court feel and support.,109.99,8.3,9.0,7.5,8.5,8.5,8.0,100.0,true to size,regular
208,Puma RS Dreamer,Puma,2020-09-01,Low Top,Great for guards or big guys that need a supportive shoe.,124.99,8.4,9.2,7.3,8.3,8.7,8.3,83.0,true to size,regular
209,Nike Lebron Soldier 14,Nike,2020-09-01,High Top,Great for big guys who like forefoot cushion and need a lot of support.,139.99,8.3,8.0,8.3,8.0,9.0,8.3,50.0,slightly long,regular
210,Under Armour Embiid 1,Under Armour,2020-09-01,Mid Top,Great for any position or player looking for a responsive shoe.,119.99,8.1,7.8,8.6,7.8,8.4,8.2,50.0,slightly long,slightly wide
211,Nike Kybrid S2,Nike,2020-09-01,Mid Top,Great for guards and smaller wings who are quick on their feet.,139.99,8.7,8.0,7.5,8.0,9.0,9.0,50.0,slightly long,regular
212,Adidas D.O.N Issue #2,Adidas,2020-08-01,Low Top,Players looking for a very supportive shoe with good impact protection,99.99,8.3,7.8,8.3,8.0,8.8,7.0,0.0,true to size,regular
213,Nike Zoom Freak 2,Nike,2020-08-01,Low Top,A great choice for guards who prefer court feel over impact protection.,119.99,8.2,8.0,7.4,8.0,8.3,8.5,63.0,slightly long,regular
214,Adidas N3XT L3V3L 2020,Adidas,2020-08-01,High Top,Any type of player who wants to be light and quick on their feet,149.99,8.6,8.5,9.0,9.0,9.0,7.5,100.0,slightly long,regular
215,Nike Renew Elevate,Nike,2020-08-01,High Top,A good choice for outdoor courts,79.99,7.9,8.0,8.0,7.5,8.0,8.0,100.0,true to size,regular
216,Adidas Pro Boost Low,Adidas,2020-08-01,Low Top,Great for fast and quick players who need a supportive and minimal shoe.,109.99,8.4,8.5,8.2,7.7,9.0,8.7,100.0,slightly long,regular
217,Nike Mama Fury,Nike,2020-08-01,Low Top,Best for players who like snug shoes with a lot of court feel,99.99,7.0,6.0,6.5,7.5,8.0,7.0,50.0,slightly long,slightly narrow
218,Jordan React Elevation,Jordan,2020-08-01,High Top,Great for any position or style of play.,119.99,8.7,9.0,9.5,8.0,8.5,8.5,100.0,true to size,regular
219,Nike Air Zoom BB NXT,Nike,2020-07-01,Low Top,Works best for big guys looking for a lot of impact protection,179.99,8.3,9.3,9.2,8.2,6.8,8.6,50.0,slightly long,regular
220,Under Armour HOVR Havoc 3,Under Armour,2020-07-01,Low Top,Best for quick guards who need a responsive and supportive shoe.,109.99,8.4,9.0,7.5,7.5,9.0,9.0,0.0,true to size,regular
221,Adidas Crazy BYW 2.0,Adidas,2020-05-01,Low Top,Great shoe if you are looking for a supportive and well-cushioned Low Top.,159.99,8.4,8.7,9.0,8.0,8.3,8.0,75.0,slightly long,slightly wide
222,Jordan Westbrook One Take,Jordan,2020-05-01,Mid Top,Great pick for price-conscious players looking for an all-around solid performing shoe.,99.99,8.2,8.5,8.5,8.0,8.0,8.0,25.0,slightly long,regular
223,Converse G4 Low,Converse,2020-05-01,Low Top,Works best for players looking for a responsive and stable shoe,109.99,8.2,8.0,8.5,8.5,8.5,7.5,50.0,slightly long,slightly narrow
224,Nike KD 13,Nike,2020-04-01,Mid Top,A great pick if you are looking for a comfortable shoe that will also work outdoors.,149.99,8.8,9.1,9.8,7.7,8.3,8.5,75.0,true to size,regular
225,Nike KD Trey 5 VIII,Nike,2020-04-01,Mid Top,Best for outdoor use or those looking for a good deal,89.99,8.2,8.5,9.0,9.0,6.5,8.0,100.0,slightly long,regular
226,Nike Adapt BB 2.0,Nike,2020-02-01,Low Top,Collector's item for sneakerheads who are into the innovative tech,399.99,8.1,8.0,8.5,7.5,9.0,7.5,0.0,true to size,regular
227,Nike Lebron 17 Low,Nike,2020-02-01,Low Top,A great choice for Lebron fans who prefer low-tops compared to Lebron's pretty bulky high-tops,169.99,8.4,9.0,8.3,8.3,8.3,8.0,25.0,true to size,slightly narrow
228,Adidas Pro Model 2G,Adidas,2020-02-01,Mid Top,Perfect if you are looking for affordable shoes that work outdoors.,99.99,8.3,8.5,8.5,8.0,8.0,8.5,100.0,true to size,regular
229,Jordan Why Not Zero.3,Jordan,2020-01-01,High Top,Works great for explosive players who like to stand out on the court,129.99,8.4,7.8,8.6,8.2,8.8,8.3,0.0,slightly long,slightly wide
230,Nike Kobe 5 Protro,Nike,2020-01-01,Low Top,Must-have shoes for fans of the original Kobe 5,179.99,8.7,8.3,8.7,8.1,9.2,9.0,100.0,true to size,regular
231,Nike PG 4,Nike,2020-01-01,Low Top,Super comfortable and well-cushioned basketball shoes,109.99,8.3,8.3,9.4,8.2,7.3,8.0,25.0,slightly small,regular
232,Nike Kyrie Flytrap 3,Nike,2020-01-01,Low Top,Works best as your outdoor basketball shoes,79.99,7.2,8.0,5.0,7.0,8.0,8.0,100.0,true to size,regular
233,Li-Ning Way of Wade 8,Li-Ning,2020-01-01,High Top,Quick players who need a responsive shoe that can keep up,79.99,9.3,9.0,9.7,9.0,9.7,9.0,100.0,slightly long,regular
234,Under Armour Anatomix Spawn 2,Under Armour,2020-01-01,Low Top,Works best for guards with wide feet looking for a responsive shoe,99.99,8.0,8.3,7.5,9.0,8.0,7.0,0.0,slightly long,very wide
235,Adidas Harden Stepback,Adidas,2020-01-01,Low Top,A great choice for price-conscious guards who like responsive cushioning,79.99,8.0,8.0,7.0,8.0,9.0,8.0,0.0,slightly long,slightly wide
236,Adidas Dame 6,Adidas,2019-12-01,Low Top,Works best for guards who play on clean courts most of the time,109.99,7.7,7.0,9.1,7.3,7.3,7.9,0.0,slightly long,slightly wide
237,Nike Air Zoom UNVRS,Nike,2019-12-01,High Top,Good choice if you are looking for shoes that are comfortable and easy to put on,159.99,7.7,6.3,10.0,8.3,7.0,7.0,0.0,true to size,slightly narrow
238,Under Armour Curry 7,Under Armour,2019-11-01,Low Top,Works best for quick guards who value court feel over impact protection,139.99,8.3,9.4,7.2,7.8,8.9,8.4,67.0,true to size,regular
239,Puma Clyde Hardwood,Puma,2019-11-01,Low Top,"Great shoe if you are looking for beastly traction and minimal, responsive cushioning",119.99,8.7,9.2,7.7,8.8,9.0,9.0,100.0,slightly long,regular
240,New Balance OMN1S,New Balance,2019-11-01,High Top,"A durable performer with comfortable cushioning, good materials, and great traction on clean courts",139.99,8.7,9.0,9.0,9.0,7.8,8.5,100.0,slightly long,regular
241,Nike Kyrie 6,Nike,2019-11-01,High Top,"Great traction and support with a low-to-the-ground, responsive cushioning",129.99,8.8,9.0,8.9,8.4,9.0,8.6,13.0,true to size,regular
242,Air Jordan 34,Jordan,2019-10-01,High Top,A great option if you are looking for a light & stylish shoe with no real weaknesses,179.99,9.0,9.2,9.6,8.3,8.8,9.0,25.0,true to size,regular
243,Nike Lebron 17,Nike,2019-10-01,High Top,"Top choice if you are looking for a comfortable, supportive shoe with a ton of impact protection",199.99,8.7,7.8,9.5,9.1,8.5,8.4,25.0,true to size,slightly wide
244,Adidas Harden Vol. 4,Adidas,2019-10-01,Low Top,"Best for guards looking for a fast, low-to-the-ground, and supportive shoe",129.99,8.8,8.8,8.7,8.9,8.7,8.8,63.0,slightly long,slightly wide
245,Adidas D Rose 10,Adidas,2019-10-01,High Top,Recommended for D-Rose fans who enjoy soft cushioning and play on clean courts,139.99,7.9,7.3,9.3,8.0,8.3,6.7,0.0,very long,slightly wide
246,ANTA KT 5,ANTA,2019-10-01,High Top,A durable shoe for any position or style of play.,159.99,8.8,9.2,8.8,8.3,9.0,8.5,83.0,slightly long,regular
247,Nike Lebron Witness 4,Nike,2019-10-01,High Top,Only recommended for Lebron fans who can't afford his more expensive signature shoes,99.99,7.8,7.5,8.0,7.5,8.0,8.0,83.0,slightly long,regular
248,Jordan Jumpman 2020,Jordan,2019-10-01,High Top,A great overall performer that comes at a very affordable retail price,109.99,8.5,8.3,9.3,8.3,8.3,8.3,25.0,true to size,regular
249,Nike Zoom Rize,Nike,2019-09-01,High Top,"Suitable for all players, especially big guys looking for support and comfort",139.99,8.9,8.9,9.1,8.8,8.5,9.0,75.0,true to size,regular
250,Nike Kobe AD NXT FastFit,Nike,2019-09-01,Mid Top,"Great shoe for quick, low-to-the-ground players who are into futuristic looks",199.99,8.5,9.4,8.3,7.8,8.0,8.8,33.0,true to size,slightly narrow
251,Nike AlphaDunk,Nike,2019-09-01,High Top,"Only works for slow, heavy big guys looking for support and impact protection",179.99,7.5,5.0,8.3,8.0,8.3,7.5,33.0,true to size,slightly wide
252,Nike KD Trey 5 VII,Nike,2019-08-01,Low Top,Great shoe if you like soft cushioning and don't need a lot of support,89.99,7.4,9.5,9.0,5.5,6.5,6.5,75.0,slightly long,regular
253,Jordan Jumpman Diamond Mid,Jordan,2019-08-01,Mid Top,Perfect for players who like to stand out on the court,119.99,8.9,9.3,8.7,9.0,9.3,8.3,0.0,true to size,regular
254,Adidas Pro Bounce 2019 Low,Adidas,2019-08-01,Low Top,The Pro Bounce is not recommended due to its lacking traction,109.99,7.7,7.0,8.8,7.5,8.3,7.0,75.0,slightly long,regular
255,Jordan Zoom Zero Gravity,Jordan,2019-08-01,Low Top,A great shoe for price-conscious hoopers looking for a fast low-top,99.99,8.6,9.3,8.0,8.5,8.5,9.0,100.0,true to size,slightly wide
256,Nike Zoom Freak 1,Nike,2019-07-01,Low Top,Very low-to-the-ground feeling with very firm forefoot-cushioning,119.99,7.9,7.5,7.3,7.6,8.6,8.8,25.0,true to size,regular
257,Adidas DON Issue 1,Adidas,2019-07-01,Low Top,Recommended for  explosive guards looking for a supportive and responsive low-top,99.99,8.4,7.4,8.6,8.4,8.6,8.3,100.0,slightly long,regular
258,Under Armour Curry 3Zero 3,Under Armour,2019-07-01,Low Top,Great budget option for players who prefer lightweight and minimal shoes,89.99,8.9,9.5,7.5,9.0,9.0,9.5,100.0,true to size,regular
259,Under Armour HOVR Havoc 2,Under Armour,2019-07-01,High Top,Best for players looking for a supportive shoe with well-balanced cushioning,119.99,8.7,8.0,8.7,9.0,9.0,9.0,100.0,true to size,regular
260,Nike Lebron Soldier 13,Nike,2019-07-01,High Top,A great all-around performer that works very well for heavier players,139.99,8.8,9.5,8.4,8.6,9.0,8.5,88.0,slightly long,regular
261,Converse All Star Pro BB,Converse,2019-06-01,High Top,Perfect for narrow-footers who like light and responsive shoes,139.99,8.2,7.8,8.8,8.0,8.0,8.2,25.0,true to size,regular
262,Jordan CP3 12,Jordan,2019-06-01,Low Top,"Perfect shoe if you are looking for an affordable, top-tier performer, that you can play outdoors too",99.99,8.8,9.2,8.7,9.0,8.3,8.7,100.0,slightly long,regular
263,Nike Kyrie Low 2,Nike,2019-06-01,Low Top,Works best for narrow-footers looking for a good allrounder with responsive cushioning,109.99,8.6,9.2,7.6,8.8,8.8,8.6,30.0,true to size,regular
264,Nike Mamba Focus,Nike,2019-04-01,Low Top,An affordable shoe for playing outdoors,99.99,7.4,7.0,7.0,8.0,8.0,7.5,100.0,slightly long,regular
265,Nike KD 12,Nike,2019-04-01,Mid Top,A well-balanced shoe that works for a wide array of basketball players,149.99,8.8,9.0,9.9,8.1,8.4,8.4,20.0,true to size,regular
266,Adidas Pro Bounce Madness,Adidas,2019-03-01,High Top,Works for all playing styles and positions,119.99,8.5,8.3,9.0,8.0,8.8,8.5,67.0,slightly long,regular
267,Nike PG 3,Nike,2019-02-01,Low Top,Versatile shoe that works for all positions,109.99,8.9,9.1,9.0,8.2,8.7,8.9,25.0,true to size,regular
268,Adidas Dame 5,Adidas,2019-02-01,Mid Top,The Dame 5 works best for quick guards who prefer responsive cushioning,114.99,8.8,8.7,8.8,8.0,9.1,9.1,90.0,slightly long,slightly wide
269,Under Armour Anatomix Spawn Low,Under Armour,2019-02-01,Low Top,Perfect for quick point guards who want to be able to stop on a dime,109.99,8.6,9.7,8.8,8.3,8.7,7.7,0.0,slightly long,slightly wide
270,Nike Kobe 4 Protro,Nike,2019-02-01,Low Top,A very versatile shoe that will be most appreciated by players who had the OG Kobe 4,174.99,8.6,9.0,8.0,8.2,9.0,8.5,25.0,true to size,regular
271,Puma Uproar,Puma,2019-02-01,Low Top,Worn by players of all positions in the NBA,129.99,8.4,8.7,7.0,8.3,9.0,9.0,67.0,true to size,regular
272,Nike Adapt BB,Nike,2019-02-01,Low Top,A must-have for sneakerheads who are into innovative tech!,349.99,8.5,8.5,8.3,9.3,7.8,8.5,25.0,true to size,regular
273,Under Armour Curry 6,Under Armour,2019-01-01,Low Top,"Perfect for quick guards looking for a supportive, lightweight shoe with great court feel",129.99,8.7,8.7,8.7,8.8,8.7,8.5,20.0,slightly long,regular
274,Jordan Why Not Zero.2,Jordan,2019-01-01,Mid Top,Works best for explosive players looking for a supportive shoe,119.99,8.6,8.8,9.0,8.3,8.4,8.3,30.0,slightly long,regular
275,Nike Kyrie Flytrap 2,Nike,2019-01-01,Low Top,Perfect for light and quick players who don't need a lot of impact protection,79.99,7.8,9.5,4.5,9.0,8.5,7.0,100.0,slightly long,regular
276,Li-Ning Way of Wade 7,Li-Ning,2018-12-01,Low Top,Perfect for Dwyane Wade fans who play on clean courts,164.99,8.3,6.7,8.7,9.0,9.0,8.0,83.0,very long,slightly wide
277,Adidas Marquee Boost,Adidas,2018-12-01,Mid Top,Works for a wide array of basketball players,129.99,8.7,8.2,9.6,8.5,8.8,8.4,63.0,slightly long,slightly wide
278,Adidas N3XT L3V3L,Adidas,2018-12-01,High Top,"Works well for explosive players looking for a light shoe with a well-balanced, responsive cushioning setup",179.99,8.5,8.4,9.1,8.9,8.0,8.3,0.0,slightly long,regular
279,Adidas T-Mac Millenium,Adidas,2018-12-01,Low Top,Perfect for T-Mac fans looking for a good all-around performer,159.99,8.5,9.3,8.8,7.8,8.3,8.0,0.0,slightly long,regular
280,Adidas Pro Vision,Adidas,2018-12-01,Mid Top,Best for price-conscious hoopers that play on clean courts only,99.99,8.4,8.0,9.0,7.5,9.5,8.0,50.0,slightly long,regular
281,Nike Kyrie 5,Nike,2018-11-01,High Top,Works best for quick guards who prefer court feel over impact protection,129.99,8.5,8.2,8.0,7.9,9.0,8.6,30.0,true to size,regular
282,Puma Clyde Court Disrupt,Puma,2018-10-01,Mid Top,"Great shoe if you are tired of Nike, Jordan, and Adidas",129.99,8.2,7.9,8.0,8.9,8.3,8.4,50.0,slightly long,slightly wide
283,Air Jordan 33,Jordan,2018-10-01,High Top,Perfect if you are into innovative tech and can afford the steep price,174.99,8.3,8.4,8.4,7.9,8.9,8.2,20.0,slightly long,slightly narrow
284,Adidas Harden Vol. 3,Adidas,2018-10-01,Low Top,Perfect for players of all positions who value court feel and freedom of movement,139.99,9.0,8.8,9.5,8.9,8.8,9.1,0.0,slightly long,regular
285,ANTA KT 4,ANTA,2018-10-01,High Top,Best for players who enjoy knitted uppers and soft cushioning,124.99,8.9,9.5,8.8,9.0,8.7,8.3,25.0,slightly long,regular
286,Nike Lebron 16,Nike,2018-09-01,Mid Top,Especially recommended for explosive and powerful wing players.,184.99,8.9,9.1,9.0,9.0,8.7,8.4,83.0,slightly long,slightly wide
287,Adidas Pro Bounce Low,Adidas,2018-09-01,Low Top,Great bang for the buck and should work well for positions 1-4.,109.99,8.7,8.9,8.8,8.5,9.0,8.3,75.0,slightly long,regular
288,Jordan Jumpman Hustle,Jordan,2018-09-01,Low Top,Great all-around performer at a very fair price!,109.99,8.7,9.3,8.9,8.6,7.8,9.0,50.0,slightly long,regular
289,Nike KD 11,Nike,2018-08-01,Mid Top,Works best as a casual sneaker but doesn't perform very well on a basketball court.,149.99,7.6,7.9,9.0,8.0,5.9,7.1,33.0,slightly long,regular
290,Nike Kobe AD Exodus,Nike,2018-08-01,Low Top,Especially recommended for quicker guards,139.99,8.3,8.2,8.4,7.6,8.3,8.3,10.0,slightly long,regular
291,Under Armour Curry 3Zero 2,Under Armour,2018-08-01,High Top,Solid performer at an affordable price,99.99,8.3,8.6,8.4,8.4,7.9,8.4,75.0,slightly long,slightly wide
292,Under Armour HOVR Havoc Low,Under Armour,2018-08-01,Low Top,Works best for quick guards in need of excellent traction,104.99,8.9,9.4,8.3,8.6,9.3,8.7,100.0,slightly long,regular
293,Jordan Super.Fly MVP L,Jordan,2018-08-01,High Top,Works best for big guys who post up a lot,139.99,7.7,7.8,7.3,7.5,8.0,8.0,0.0,true to size,slightly narrow
294,Nike Kyrie Low,Nike,2018-07-01,Low Top,Perfect for guards who want maximum traction and don't need a lot of cushioning,109.99,8.4,8.9,8.3,7.5,8.8,8.6,0.0,true to size,regular
295,Adidas D Rose 9,Adidas,2018-07-01,High Top,Great looking sneaker for players with wide feet,139.99,7.6,6.6,8.9,8.1,8.0,6.4,0.0,very long,very wide
296,Nike PG 2.5,Nike,2018-07-01,Low Top,Perfect if you are looking for an affordable all-around performer without any weaknesses.,109.99,8.8,8.7,7.8,8.8,9.0,9.0,25.0,true to size,regular
297,Nike Hyperdunk X,Nike,2018-07-01,High Top,Works best on clean courts,129.99,8.2,7.8,8.5,7.6,8.3,8.8,25.0,slightly long,regular
298,Nike Hyperdunk X Low,Nike,2018-07-01,Low Top,A solid performer that should work across a wide array of playing styles.,119.99,7.9,7.3,7.7,8.2,8.0,8.2,25.0,slightly long,regular
299,Jordan Fly Lockdown,Jordan,2018-05-01,Mid Top,Good all-around performance basketball shoe at a fair price,109.99,8.8,9.3,8.3,8.3,9.0,9.0,50.0,slightly long,regular
300,Jordan CP3 XI,Jordan,2018-04-01,Mid Top,Perfect if you are looking for an affordable all-around performer with no weaknesses,114.99,9.0,9.0,8.9,8.8,9.1,9.0,17.0,slightly long,regular
301,Under Armour Curry 5,Under Armour,2018-04-01,Mid Top,Only for the biggest Curry fans,129.99,7.5,6.8,7.3,8.4,8.3,6.5,33.0,true to size,regular
302,Adidas Crazylight Boost 2018,Adidas,2018-04-01,Low Top,Top performer that works best for quick guards,119.99,8.3,9.3,8.8,7.8,8.0,7.8,100.0,very long,slightly wide
303,Nike Zoom Kobe 1 Protro,Nike,2018-04-01,High Top,Perfect if you like old-school basketball sneakers,174.99,8.9,8.9,9.3,9.1,9.2,8.3,100.0,slightly long,slightly wide
304,Nike Kobe AD NXT 360,Nike,2018-04-01,Low Top,"Best for players looking for flashy, cutting-edge performance shoes",199.99,8.9,8.2,9.1,9.0,8.6,9.2,10.0,slightly long,regular
305,Nike Lebron Soldier 12,Nike,2018-04-01,High Top,An affordable performer that will work for almost all players,139.99,8.3,9.3,7.7,7.7,8.3,8.5,75.0,true to size,regular
306,Nike Kyrie Flytrap,Nike,2018-03-01,Mid Top,Works well for wide-footers or if you are looking for a cheap outdoors shoe,79.99,7.3,8.3,6.8,8.3,6.8,6.5,100.0,slightly long,slightly wide
307,Nike Lebron 15 Low,Nike,2018-03-01,Low Top,Great shoe for explosive and heavier players,149.99,8.7,8.7,8.0,9.0,8.5,9.3,25.0,slightly long,regular
308,Nike PG 2,Nike,2018-02-01,Low Top,Affordable all-around performer without any weaknesses.,109.99,8.6,8.6,8.4,8.5,8.5,9.0,8.0,true to size,regular
309,Adidas Harden Vol. 2,Adidas,2018-02-01,Low Top,Works especially well for bigger guards and heavier players,139.99,8.6,7.6,9.4,8.6,8.7,8.6,50.0,slightly long,regular
310,Adidas Crazy BYW X,Adidas,2018-02-01,High Top,Works best for players of all positions who have narrow feet,179.99,8.8,8.0,9.0,9.3,8.7,8.8,0.0,slightly long,slightly narrow
311,Jordan Why Not Zero.1,Jordan,2018-01-01,Mid Top,Best for explosive and powerful players,124.99,8.7,8.3,9.3,8.0,9.1,8.8,10.0,slightly long,regular
312,Nike Kyrie 4,Nike,2017-12-01,Mid Top,"Affordable, well-rounded basketball shoe",119.99,8.7,8.4,8.7,8.7,9.0,8.9,67.0,true to size,regular
313,Li-Ning Way of Wade 6,Li-Ning,2017-12-01,Low Top,Great shoe for players with slightly wider feet,154.99,8.7,8.3,9.6,9.1,8.0,8.0,67.0,slightly long,slightly wide
314,Nike Kyrie S1,Nike,2017-12-01,Mid Top,For Kyrie fans who don't mind paying premium to get these from resellers,129.99,8.5,8.3,8.0,8.0,9.0,9.3,50.0,true to size,slightly narrow
315,Under Armour Curry 4 Low,Under Armour,2017-12-01,Low Top,Perfect shoe for quick guards,119.99,8.7,9.0,7.9,9.0,9.0,8.8,50.0,true to size,slightly narrow
316,Under Armour Curry 4,Under Armour,2017-11-01,High Top,Built for quickness and court feel,129.99,8.5,9.1,7.5,8.2,8.9,9.2,33.0,true to size,regular
317,ANTA KT3,ANTA,2017-11-01,High Top,Great performer that will work for all players,119.99,8.8,8.9,9.1,9.1,8.5,8.5,75.0,slightly long,regular
318,Nike Lebron 15,Nike,2017-11-01,High Top,Works extremely well for big guys that need a lot of impact protection.,184.99,8.8,8.2,9.8,9.3,8.1,9.0,8.0,slightly long,slightly wide
319,Air Jordan 32,Jordan,2017-10-01,Mid Top,All-around performer that will work for all types of basketball players,184.99,8.8,8.3,8.9,9.4,8.9,8.7,63.0,slightly long,regular
320,Adidas Dame 4,Adidas,2017-10-01,Low Top,"Works best for quick guards looking for a low-to-the-ground, responsive and light basketball shoe.",114.99,8.8,8.5,9.2,8.8,8.7,8.8,0.0,slightly long,regular
321,Air Jordan 32 Low,Jordan,2017-10-01,Low Top,Perfect for Jordan fans that prefer the freedom and flexibility of a low-top,159.99,8.8,8.0,8.8,9.5,8.8,9.0,75.0,slightly long,slightly narrow
322,Adidas D Rose 8,Adidas,2017-09-01,High Top,Perfect if you are looking for traditional high-top basketball shoes,139.99,8.9,8.8,9.7,8.1,9.1,8.8,67.0,slightly long,slightly wide
323,Nike Hyperdunk Flyknit 2017,Nike,2017-08-01,High Top,Perfect shoe for guards who value court feel,159.99,8.5,9.2,7.6,8.9,8.4,8.8,17.0,true to size,regular
324,Nike Kobe AD Mid,Nike,2017-08-01,Mid Top,Poor ventilation is problematic if your feet sweat a lot,149.99,8.5,8.9,9.0,7.3,8.4,8.1,0.0,true to size,regular
325,Under Armour Drive 4,Under Armour,2017-08-01,High Top,Will work best for wide-footers,114.99,8.2,9.5,7.3,7.7,8.7,7.5,90.0,true to size,very wide
326,Jordan Super.Fly 2017,Jordan,2017-08-01,Mid Top,A durable and supportive shoe which will work great for bigger guys.,139.99,8.4,8.5,7.6,8.6,8.8,8.6,50.0,slightly long,regular
327,Adidas Crazy Explosive PrimeKnit 2017,Adidas,2017-07-01,High Top,Works for players of all positions,149.99,9.0,8.6,9.3,8.7,9.0,9.3,8.0,slightly long,regular
328,Nike Zoom Shift,Nike,2017-06-01,Low Top,Budget option for guards with narrow feet,99.99,7.9,7.3,7.3,8.3,8.7,8.0,0.0,true to size,slightly narrow
329,Nike Lebron Soldier 11,Nike,2017-06-01,Mid Top,Recommended for bigger guys who look for impact protection and support,129.99,8.5,8.1,8.9,8.5,8.4,8.7,75.0,true to size,regular
330,Nike KD 10,Nike,2017-05-01,Low Top,Recommended if you value impact protection and do not rely on hard cuts,149.99,8.4,7.7,9.1,9.1,7.1,8.3,20.0,slightly long,regular
331,Under Armour Curry 3Zero,Under Armour,2017-05-01,Mid Top,Curry 3Zero is a solid performer at a fair price,119.99,8.4,8.7,7.9,8.1,9.0,8.4,75.0,slightly long,regular
332,ANTA KT Outdoor 2 Low,ANTA,2017-05-01,Low Top,Works best as an affordable outdoor shoe,79.99,8.3,8.7,8.7,7.8,8.5,7.8,100.0,slightly long,regular
333,Nike Kobe AD NXT,Nike,2017-04-01,Low Top,Works best for quick guards,199.99,8.8,8.9,8.6,9.0,9.0,8.8,0.0,slightly long,slightly narrow
334,Nike PG1,Nike,2017-03-01,Low Top,Works best for guards with regular or narrow feet,109.99,8.6,8.4,8.0,8.9,8.4,8.6,0.0,true to size,regular
335,Nike KD 9 Elite,Nike,2017-03-01,High Top,Works best for players with narrow feet looking for soft cushioning,149.99,8.5,8.5,9.3,9.0,7.5,7.5,0.0,slightly long,regular
336,Jordan Ultra Fly 2,Jordan,2017-03-01,High Top,Perfect for players with narrow feet who like to ball outdoors.,124.99,8.6,8.0,8.7,8.5,9.0,9.0,100.0,true to size,slightly narrow
337,Under Armour Charged Controller,Under Armour,2017-02-01,Low Top,Low-cut basketball shoe designed for quick guards,99.99,7.6,6.8,8.4,8.3,6.8,7.5,50.0,slightly long,slightly wide
338,Jordan Melo M13,Jordan,2017-02-01,Mid Top,Stationary post up players will like the comfortable cushioning,134.99,7.5,5.0,8.5,8.0,7.0,9.0,25.0,true to size,slightly wide
339,Nike Lebron 14,Nike,2017-01-01,High Top,"Best for bigger, heavier players with wide feet",174.99,7.9,7.4,8.7,8.0,7.7,7.4,50.0,slightly long,slightly wide
340,Nike Zoom Rev 17,Nike,2017-01-01,Mid Top,Works best if you don't play on dusty courts,109.99,8.1,7.0,8.3,8.3,7.7,9.3,0.0,true to size,slightly narrow
341,Nike Zoom Live 2017,Nike,2017-01-01,Low Top,Affordable low-top that works best for guards,99.99,8.7,8.5,8.0,9.0,9.0,9.0,25.0,true to size,regular
342,Nike Mamba Instinct,Nike,2017-01-01,Low Top,Meant for quick guards who want a light shoe,99.99,8.4,8.3,8.0,8.7,8.5,8.5,0.0,true to size,regular
343,Nike Kyrie 3,Nike,2016-12-01,Mid Top,Good choice for light and quick guards who value court feel over impact protection,119.99,7.9,9.2,5.9,7.5,7.9,9.0,83.0,true to size,regular
344,Adidas Harden Volume 1,Adidas,2016-12-01,Low Top,Great shoe for guards with wider feet,139.99,8.3,8.8,8.3,8.5,8.4,7.9,0.0,slightly long,slightly wide
345,Adidas Dame 3,Adidas,2016-12-01,Mid Top,Affordable performer for players with slightly wider feet,114.99,8.6,8.8,8.8,8.2,8.7,8.2,17.0,slightly long,regular
346,Nike Kobe AD,Nike,2016-11-01,Low Top,Best for guards who prefer firm cushioning setups,159.99,7.8,8.0,6.8,7.2,7.5,8.5,0.0,slightly long,slightly narrow
347,ANTA KT 2,ANTA,2016-11-01,High Top,Well-performing allrounder at an affordable price,119.99,8.8,9.0,9.0,8.3,8.3,9.5,75.0,true to size,slightly narrow
348,BrandBlack Rare Metal,BrandBlack,2016-10-01,Mid Top,Perfect budget sneaker for guards with slightly wider feet.,109.99,8.6,7.5,9.0,8.8,8.5,9.0,0.0,slightly long,slightly wide
349,Under Armour Curry 3,Under Armour,2016-10-01,Mid Top,Perfect shoe for light and quick guards,139.99,8.6,8.9,8.0,8.9,8.6,8.3,30.0,slightly long,regular
350,Air Jordan 31,Jordan,2016-09-01,Mid Top,Great shoe for Jordan fans with wider feet,184.99,8.2,6.0,9.0,9.3,8.1,8.3,50.0,true to size,slightly wide
351,Nike Zoom KD 9,Nike,2016-06-01,Mid Top,Perfect for players who need maximum impact protection and cushioning,149.99,8.6,8.9,9.6,8.7,7.5,8.3,0.0,slightly long,regular
