shoe_id,name,brand,player,release_date,description,shoe_type,retail_price
1,Reebok Engine A,Reebok,,2025-05-01,The Reebok Engine A is best for bigger players looking for solid impact protection.,Low Top,119.99
2,Jordan Luka 4,Jordan,Luka Doncic,2025-04-01,"This shoe is best for bigger, shifty guards.",Low Top,129.99
3,ANTA Kai 2,ANTA,Kyrie Irving,2025-03-01,"The KAI 2 is best for shifty guards who want a fast, responsive shoe.",Low Top,139.99
4,Li-Ning Wade 808 5 Ultra,Li-Ning,Dwyane Wade,2025-03-01,"This shoe is best for smaller, quicker, more explosive players.",Low Top,159.99
5,Jordan Zion 4,Jordan,Zion Williamson,2025-02-01,The Zion 4 is best for players with narrow feet who want extra support and comfortable cushioning.,Low Top,139.99
6,Nike KD 18,Nike,Kevin Durant,2025-02-01,This shoe is best for players who enjoyed the KD 17 and want better support and lockdown.,Low Top,159.99
7,Nike LeBron NXXT Genisus,Nike,Lebron James,2025-02-01,This shoe is best for players who like supportive uppers.,High Top,149.99
8,Nike GT Cut 3 Turbo,Nike,,2025-02-01,"This shoe is best for players who want a more stable, improved version of the previous model.",Low Top,209.99
9,361 Joker 1,361,,2025-01-01,Players with a variety of play styles will enjoy this shoe thanks to the versatility of its features.,High Top,129.0
10,Adidas Harden Volume 9,Adidas,James Harden,2025-01-01,This shoe is best for all positions prioritizing a secure upper and springy cushioning.,Low Top,159.99
11,Puma Scoot Zero 2,Puma,Scoot Henderson,2025-01-01,This shoe is best for laterally quick players who use side-to-side movements.,Low Top,109.99
12,Rigorer AR 2,Rigorer,Austin Reaves,2025-01-01,The AR 2 is best for guards who quickly get up and down the court.,Low Top,99.99
13,Under Armour Curry Fox 1,Under Armour,De'Aaron Fox,2024-12-01,This shoe is best suited for nimble guards with good footwork.,Low Top,119.99
14,Adidas Dame Certified 3,Adidas,Damian Lillard,2024-12-01,This shoe is a good low-budget shoe for stability.,Low Top,84.99
15,Li-Ning Way of Wade All City 13,Li-Ning,Dwyane Wade,2024-12-01,"This shoe is best for quick, explosive guards but is versatile enough for everyone.",Low Top,139.99
16,Li-Ning Wade Shadow 6,Li-Ning,Dwyane Wade,2024-12-01,"This shoe offers something for all play styles but excels for explosive, snappy players.",Low Top,119.99
17,ANTA KT 10,ANTA,Klay Thompson,2024-12-01,This shoe excels at everything. It has something to offer for all players.,Low Top,129.99
18,Jordan Tatum 3,Jordan,Jason Tatum,2024-11-01,The Tatum 3 is best for players who move a lot on their forefoot.,Low Top,124.99
19,Nike Lebron 22,Nike,Lebron James,2024-11-01,"This shoe is best for anyone looking for a comfortable, responsive, and bouncy cushioning setup.",Low Top,179.99
20,Nike Ja 2,Nike,Ja Morant,2024-10-01,"The Ja 2 is best for players who enjoy light, speedy shoes with a bit of pop.",Low Top,119.99
21,Puma MB.04,Puma,LaMelo Ball,2024-10-01,The shoe is best for those who enjoy the comfortable midsole and upper materials from previous Puma MB shoes.,Mid Top,124.99
22,Nike Kobe 9 Elite Low Protro,Nike,Kobe Bryant,2024-10-01,This shoe is best for players looking for elite traction performance.,Low Top,209.99
23,ANTA Shock Wave 6,ANTA,,2024-10-01,This shoe is best suited for guards and other quick players.,Low Top,149.99
24,New Balance Hesi Low V2,New Balance,,2024-09-01,"This shoe is best for lighter, nimbler players.",Low Top,109.99
25,Adidas Dame 9,Adidas,Damian Lillard,2024-09-01,The Dame 9 is best for players looking for soft cushioning and containment.,Low Top,119.99
26,Nike Giannis Immortality 4,Nike,Giannis Antetokounmpo,2024-09-01,The Nike Giannis Immortality 4 is best for players looking for a budget shoe with a durable outsole and supportive upper.,Low Top,99.99
27,New Balance TWO WXY V5,New Balance,,2024-09-01,The shoe plays well for all positions. It does it all.,Low Top,119.99
28,ANTA KAI 1 Speed,ANTA,Kyrie Irving,2024-09-01,This shoe is a good pick for players who want a more responsive version of the KAI 1.,Low Top,124.99
29,Jordan Luka 3,Jordan,Luka Doncic,2024-08-01,"The Luka 3 is best for shifty, balanced players who mainly play on clean courts.",Low Top,139.99
30,Air Jordan 39,Jordan,Michael Jordan,2024-08-01,This is the perfect shoe for players who love explosive cushioning setups.,Low Top,199.99
31,Adidas A.E. 1 Low,Adidas,Anthony Edwards,2024-08-01,The shoe is best for shifty players who like to feel low to the ground.,Low Top,109.99
32,Nike Zoom Freak 6,Nike,Giannis Antetokounmpo,2024-08-01,The shoe's responsiveness and light weight are better suited for lighter guards.,Low Top,149.99
33,Under Armour Curry 12,Under Armour,Stephen Curry,2024-08-01,The Curry 12 is the perfect shoe for players who need elite traction on clean courts.,Low Top,149.99
34,Li-Ning Way of Wade All City 12 Encore,Li-Ning,Dwyane Wade,2024-08-01,This shoe has something for everyone. All players will enjoy the All City 12 Encore.,Low Top,149.99
35,Li-Ning Wade Ice Blood 2,Li-Ning,Dwyane Wade,2024-08-01,The shoe is best for guards who play low to the ground.,Low Top,139.99
36,Li-Ning Way of Wade 11,Li-Ning,Dwyane Wade,2024-07-01,"The lightweight, well-cushioned Way of Wade 11 is recommended for players who like to get up and down the court and vertical.",Low Top,224.99
37,Adidas D.O.N. Issue 6,Adidas,Donovan Mitchell,2024-07-01,The D.O.N. Issue 6 is best for quicker players looking for a bottom-light shoe.,Low Top,119.99
38,Nike Sabrina 2,Nike,Sabrina Ionescu,2024-07-01,The shoe is a great pick for responsive and quick guards. The court feel and responsiveness will cater well to that play style.,Mid Top,129.99
39,Nike GT Hustle 3,Nike,,2024-07-01,These shoes are best for bigs who get off the ground often and require impact protection.,Mid Top,189.99
40,Nike G.T. Hustle Academy,Nike,,2024-07-01,This shoe is best for lighter players with a mobile play style.,Low Top,94.99
41,Li-Ning Wade 808 4 Ultra,Li-Ning,Dwyane Wade,2024-07-01,The 808 4 Ultra is best as a balanced performance shoe. It provides excellent performance in all aspects of the shoe.,Low Top,
42,Nike Kobe Protro 8,Nike,Kobe Bryant,2024-06-01,The shoe is best for quicker guards looking for an excellent court feel.,Low Top,189.99
43,Nike G.T. Cut Cross,Nike,Kobe Bryant,2024-05-01,This is a solid option for outdoor play on a budget.,Low Top,109.99
44,Puma Stewie 3,Puma,Breanna Stewart,2024-05-01,Players who don't require much bounciness and excel with low-to-the-ground setups.,Low Top,124.99
45,Jordan Zion 3 SE,Jordan,Zion Williamson,2024-04-01,The Jordan Zion 3 SE is best for narrow-foot players who like a drop-in midsole setup.,Low Top,149.99
46,New Balance Kawhi 4,New Balance,Kawhi Leonard,2024-04-01,"The New Balance Kawhi 4 is best for players who enjoy springy, plush cushioning setups.",Low Top,169.99
47,Nike KD 17,Nike,Kevin Durant,2024-04-01,The Nike KD 17 is best for players who enjoyed the 16 and are looking for better traction.,Low Top,149.99
48,Adidas Harden Volume 8,Adidas,James Harden,2024-03-01,The Harden Vol 8 is best for players who use powerful footwork to create space.,Low Top,159.99
49,Jordan Tatum 2,Jordan,Jason Tatum,2024-03-01,The Tatum 2 is best for players who prefer balanced setups with Air Strobel.,Low Top,124.99
50,ANTA KAI 1,ANTA,Kyrie Irving,2024-03-01,The Anta KAI 1 is best for tactile players looking for a responsive and low-to-the-ground setup.,Low Top,124.99
51,Li-Ning JB 2,Li-Ning,Jimmy Butler,2024-03-01,This shoe is perfect for players who appreciate maximum comfort.,Low Top,289.99
52,Nike Book 1,Nike,Devin Booker,2024-02-01,"The Nike Book 1 is better for lighter, shiftier players.",Low Top,149.99
53,Under Armour Flow FUTR X Elite,Under Armour,,2024-02-01,"This shoe is best for players who prefer a wider, more accommodating forefoot area during play.",High Top,149.99
54,New Balance Fresh Foam BB V2,New Balance,,2024-02-01,Explosive players who emphasize a vertical play style will appreciate the New Balance Fresh Foam BB V2.,Low Top,129.99
55,Nike Air Zoom G.T. Cut 3,Nike,,2024-01-01,The Nike G.T. Cut 3 is a shifty shoe best for guards.,Low Top,189.99
56,Air Jordan 38 Low,Jordan,Michael Jordan,2024-01-01,All players can take advantage of the comfortable cushioning and reliable traction.,Low Top,174.99
57,Adidas Dame Certified 2.0,Adidas,Damian Lillard,2024-01-01,"The shoe is for players who prefer thin, responsive cushion setups with grippy traction.",Low Top,89.99
58,Nike G.T. Cut Academy,Nike,,2024-01-01,This shoe is best for players looking for shifty and reliable traction.,Low Top,94.99
59,Jordan One Take 5,Jordan,Russell Westbrook,2024-01-01,The Jordan One Take 5 is best for players who play around the hoop.,Low Top,99.99
60,Adidas Adizero Select 2.0,Adidas,,2024-01-01,The Adizero Select 2.0 is best for side-to-side shiftiness.,Low Top,109.99
61,Adidas AE 1,Adidas,Anthony Edwards,2023-12-01,The shoe is best for more powerful players who can utilize the bottom-heavy cushioning.,Mid Top,119.99
62,Puma Scoot Zeros,Puma,Scoot Henderson,2023-12-01,This shoe is best for guards who prefer a responsive cushion setup over impact protection.,Low Top,99.99
63,Under Armour Curry Spawn FloTro,Under Armour,Stephen Curry,2023-12-01,This shoe is best for guards with fast play styles who benefit from the Flow traction.,High Top,129.99
64,Li-Ning Way of Wade All City 12,Li-Ning,Dwyane Wade,2023-12-01,The Way of Wade All City 12 is best for guards or players who play fast and rely on court feel and responsiveness.,Low Top,149.99
65,Adidas D.O.N. Issue 5,Adidas,Donovan Mitchell,2023-11-01,The Adidas D.O.N. Issue #5 is best for players who like to get up and down the court quickly.,Low Top,119.99
66,New Balance Hesi Low,New Balance,,2023-11-01,The New Balance Hesi Low is best for shifty players who don't need much impact protection.,Low Top,109.99
67,Nike Lebron 21,Nike,Lebron James,2023-10-01,"The Nike LeBron 21 is fit for all play styles because of the mix of traction, cushioning and support.",Low Top,199.99
68,New Balance TWO WXY V4,New Balance,,2023-10-01,This is the perfect pick for players seeking versatility in play style and court surface durability.,Low Top,119.99
69,Jordan Zion 3,Jordan,Zion Williamson,2023-10-01,The Zion 3 is best for heavier players with fast-paced play styles.,Low Top,139.99
70,ANTA KT 9,ANTA,Klay Thompson,2023-10-01,This shoe is best for players seeking stability and impact protection.,Mid Top,169.99
71,Nike Lebron Witness 8,Nike,Lebron James,2023-10-01,The Witness 8s are best for flat-footed players who rely on moving up and down the court.,Mid Top,109.99
72,Li-Ning Wade Shadow 5,Li-Ning,Dwyane Wade,2023-10-01,This shoe is best for outdoor play.,Low Top,129.99
73,Adidas Trae Young 3,Adidas,Trae Young,2023-09-01,"This shoe is meant for shifty players with a quick, grounded playstyle.",Low Top,139.99
74,Puma MB.03,Puma,LaMelo Ball,2023-09-01,This shoe is best for players who want a stable shoe with plenty of impact protection.,Mid Top,139.99
75,361 AG 4,361,Aaron Gordon,2023-09-01,This shoe is best for players who jump often and require soft cushioning.,Low Top,99.99
76,Under Armour Curry 11,Under Armour,Stephen Curry,2023-09-01,The Under Armour Curry 11 is the perfect shoe for quick and shifty guards.,Low Top,159.99
77,Air Jordan 38,Jordan,Michael Jordan,2023-08-01,This is a perfect shoe for players looking for maximalist containment.,High Top,199.99
78,Nike KD 16,Nike,Kevin Durant,2023-08-01,The shoe has something for all positions. There are no outstanding weaknesses.,Low Top,159.99
79,Nike Giannis Immortality 3,Nike,Giannis Antetokounmpo,2023-08-01,The Giannis Immortality 3 is a perfect budget pick for quick and minimal players.,Low Top,84.99
80,Rigorer AR 1,Rigorer,Austin Reaves,2023-08-01,These shoes are a fantastic pick for players who change their pace often.,Low Top,139.99
81,Nike Sabrina 1,Nike,Sabrina Ionescu,2023-08-01,The Nike Sabrina 1 is best for shifty guard-type players.,Low Top,129.99
82,Nike G.T. Hustle 2,Nike,,2023-08-01,The Hustle 2 is the perfect shoe for players who want to get up the court quickly.,Mid Top,169.99
83,Nike Zoom Freak 5,Nike,Giannis Antetokounmpo,2023-07-01,The Zoom Freak 5s are best for players looking for a minimal shoe that doesn't sacrifice many features.,Low Top,139.99
84,Nike G.T. Jump 2,Nike,,2023-07-01,Any players who thrive with maximalist cushioning will love the Nike G.T. Jump 2.,High Top,179.99
85,Li-Ning Wade 808 3 Ultra,Li-Ning,Dwyane Wade,2023-07-01,The perfect shoe for bouncy players who enjoy low profile yet sturdy shoes.,Low Top,199.99
86,Jordan Luka 2,Jordan,Luka Doncic,2023-06-01,Guards and wings who make quick cuts and stepbacks will benefit the most from this shoe.,Low Top,129.99
87,Puma All Pro Nitro,Puma,,2023-06-01,Players looking for a versatile shoe that's not expensive will love the Puma All Pro Nitro.,Low Top,129.99
88,ANTA Shock Wave 5,ANTA,,2023-06-01,Shifty players who enjoy court feel and grippy traction will like the Anta Shock Wave 5.,Low Top,199.99
89,Nike Cosmic Unity 3,Nike,,2023-05-01,This shoe is potentially an excellent pick for outdoor players.,Low Top,169.99
90,Li-Ning Wade Fission 8,Li-Ning,Dwyane Wade,2023-05-01,The Fission 8 is best for faster players who use quick movements to their advantage.,Low Top,119.99
91,Puma Stewie 2,Puma,Breanna Stewart,2023-05-01,This shoe is best for players looking for a low-cut version of the MB.02.,Low Top,124.99
92,Li-Ning Wade All City 11 V2,Li-Ning,Dwyane Wade,2023-05-01,The All City V2 is a solid pickup for fans of the V1 who want sturdier materials.,Low Top,149.99
93,Jordan Tatum 1,Jordan,Jason Tatum,2023-04-01,A good pickup for bouncy players looking for a lightweight shoe.,Low Top,119.99
94,Li-Ning Wade 808 2 Ultra V2,Li-Ning,Dwyane Wade,2023-04-01,This shoe is a solid pick for players looking for something similar to the Kobe line.,High Top,159.99
95,Adidas BYW Select,Adidas,,2023-04-01,The BYW Select is an all-around shoe that performs well in all categories.,Low Top,149.99
96,ANTA GH 4,ANTA,Gordon Hayward,2023-04-01,The shoe is perfect for powerful playstyles because of the support and cushioning.,Low Top,229.99
97,Jordan Why Not Zero.6,Jordan,Russell Westbrook,2023-03-01,A great pickup for players with straight-line speed and explosiveness.,Low Top,139.99
98,Nike Ja 1,Nike,Ja Morant,2023-03-01,A good pickup for shifty guards who play low to the ground.,Low Top,109.99
99,New Balance Kawhi 3,New Balance,Kawhi Leonard,2023-03-01,A great pick for players looking for versatile cushioning on clean courts.,Mid Top,159.99
100,Li-Ning Wade All City 11,Li-Ning,,2023-03-01,An optimal pickup for springy players looking for comfortable cushioning.,Low Top,149.0
101,Under Armour Spawn 5,Under Armour,,2023-03-01,Price-conscious players who enjoy low-profile cushioning setups will enjoy this shoe.,Low Top,99.99
102,Li-Ning Wade Son of Flash,Li-Ning,Dwyane Wade,2023-03-01,This shoe is a good pick for quick guards looking for responsive cushioning.,Low Top,134.99
103,Under Armour Curry 2 Low FloTro,Under Armour,Stephen Curry,2023-03-01,The shoe is a solid pick for fans of older Curry models who want modern tech.,Low Top,149.99
104,Adidas Trae Unlimited,Adidas,Trae Young,2023-03-01,Players with grounded play styles will benefit the most from the Adidas Trae Unlimited.,Low Top,89.99
105,Nike LeBron NXXT Gen,Nike,Lebron James,2023-02-01,This shoe is a good pick for players who don't need maximum cushioning but still want Zoom.,Low Top,159.99
106,Adidas Harden Volume 7,Adidas,James Harden,2023-02-01,The perfect shoe for those with versatile playstyles.,Mid Top,159.99
107,Li-Ning Ice Blood V2,Li-Ning,Dâ€™Angelo Russell,2023-01-01,"Lighter, shifty guards will enjoy the Ice Blood V2.",Low Top,99.99
108,Air Jordan 37 Low,Jordan,Michael Jordan,2023-01-01,A perfect selection for players who want bouncy cushioning in a low-top shoe.,Low Top,174.99
109,Li-Ning Jimmy Butler 1,Li-Ning,Jimmy Butler,2023-01-01,"A perfect pickup for fast, quick players who rely on stability.",Low Top,139.99
110,Jordan One Take 4,Jordan,Russell Westbrook,2022-12-01,Players who mainly play outdoors and prefer responsive cushioning will enjoy this shoe.,Low Top,99.99
111,New Balance TWO WXY V3,New Balance,,2022-11-01,Shifty guards who rely on traction will love this shoe.,Low Top,119.99
112,Li-Ning Way of Wade All City 10 V2,Li-Ning,Dwyane Wade,2022-11-01,A great pick for players looking for maximum performance without a max price tag.,Low Top,149.99
113,Adidas Dame Certified,Adidas,Dwyane Wade,2022-11-01,Budget-conscious players will enjoy the traction and versatility of the Dame Certified.,Low Top,94.99
114,361 DVD 1,361,Spencer Dinwiddie,2022-11-01,Players with quick changes of direction and shifty speed changes will benefit the most from the traction and cushioning setup.,Low Top,100.0
115,361 AG 3,361,Aaron Gordon,2022-11-01,This shoe is best for agile centers and power forwards who need support during quick movements.,High Top,159.99
116,Under Armour Curry 10,Under Armour,Stephen Curry,2022-10-01,Anyone that utilizes traction to maximize footwork,Low Top,159.99
117,Adidas D.O.N Issue #4,Adidas,Donovan Mitchell,2022-10-01,A solid pick for shifty guards who need containment.,Mid Top,119.99
118,Adidas Trae Young 2.0,Adidas,Trae Young,2022-10-01,A great pick for players who enjoy an all-knit construction and the freedom it brings.,Low Top,139.99
119,Nike Air Deldon,Nike,Elena Delle Donne,2022-10-01,A great pick for players who play on clean courts and enjoy full-length Air.,High Top,119.99
120,Puma MB.02,Puma,LaMelo Ball,2022-10-01,Players who rely on footwork and enjoy extra impact protection,Mid Top,129.99
121,Nike Zoom Freak 4,Nike,Giannis Antetokounmpo,2022-09-01,Players looking for solid performance and springy cushioning on a budget will enjoy this shoe.,Low Top,134.99
122,Air Jordan 37,Jordan,Michael Jordan,2022-09-01,Recommended for forefoot-heavy players looking for a bouncy setup,High Top,184.99
123,Nike Lebron 20,Nike,Lebron James,2022-09-01,Quick and explosive players will enjoy this shoe the most.,Low Top,199.99
124,Li-Ning Wade 808 2,Li-Ning,Dwyane Wade,2022-09-01,Players who are fans of the Kobe 9 traction and cushioning setup,Low Top,119.99
125,ANTA KT 8,ANTA,,2022-09-01,"The Anta KT 8 is recommended for all different players. It has traction, cushioning, and support for most positions.",High Top,169.99
126,Nike Air Zoom G.T. Cut 2,Nike,,2022-08-01,Shifty players who enjoy lots of cushioning,Low Top,129.99
127,Nike Cosmic Unity 2,Nike,,2022-08-01,Players that want cushioning but also want to feel low to the ground,Low Top,159.99
128,Puma TRC Blaze Court,Puma,,2022-08-01,Guards with a quick playstyle,Low Top,119.99
129,Puma Rise NITRO,Puma,,2022-08-01,Players looking for a comfortable and reliable shoe,Mid Top,124.99
130,Under Armour Curry HOVR Splash,Under Armour,Stephen Curry,2022-07-01,Available at2shops| Official Retail Price: $109.99,Mid Top,109.99
131,Nike Giannis Immortality 2,Nike,Giannis Antetokounmpo,2022-07-01,"Recommended for smaller, shifty guards.",Low Top,84.99
132,Jordan Luka 1,Jordan,Luka Doncic,2022-07-01,Recommended for players that use a lot of side steps and other lateral movements.,Low Top,109.99
133,Li-Ning Way of Wade 10,Li-Ning,Dwyane Wade,2022-07-01,"This shoe is an excellent pick for quick, explosive players who enjoy a bouncy feeling in their shoes.",Low Top,225.0
134,Nike Precision 6,Nike,,2022-07-01,Excellent shoe for budget-conscious players.,Low Top,74.99
135,Puma MB.01 Lo,Puma,LaMelo Ball,2022-07-01,Players who want an all-around performer with no weaknesses.,Low Top,119.99
136,New Balance TWO WXY V2,New Balance,,2022-06-01,Ideal for players willing to give up some cushion for the other performance aspects fundamentals will enjoy this shoe.,Low Top,129.99
137,Jordan Zion 2,Jordan,Zion Williamson,2022-06-01,Recommended for players that rely on lateral cuts and movements.,Mid Top,139.99
138,Air Jordan 36 Low,Jordan,Michael Jordan,2022-06-01,Awesome shoe for players with explosive play styles looking for the extra lift when jumping.,Low Top,184.99
139,Under Armour Curry 4 FloTro,Under Armour,Stephen Curry,2022-06-01,The perfect shoe for players who rely on footwork and quick movements,High Top,139.99
140,Under Armour HOVR Havoc 4 Clone,Under Armour,,2022-05-01,Recommended for anyone playing primarily on clean courts looking for court feel and responsiveness.,High Top,119.99
141,Nike Renew Elevate 3,Nike,,2022-05-01,Perfect for players that need a reliable outdoor shoe.,Low Top,79.99
142,Nike Kyrie Low 5,Nike,Kyrie Irving,2022-04-01,A great pick for players that rely on quick footwork.,Low Top,109.99
143,Nike KD 15,Nike,Kevin Durant,2022-04-01,Best for players looking for a shoe that covers all the bases.,Low Top,149.99
144,Nike Lebron 19 Low,Nike,Lebron James,2022-03-01,Players looking for a less bulky LeBron shoe.,Low Top,159.99
145,New Balance Kawhi 2,New Balance,Kawhi Leonard,2022-03-01,Best for forwards and centers that need strong traction and stability.,High Top,159.99
146,ANTA KT 7,ANTA,Klay Thompson,2022-03-01,The Anta KT 7 is best for players looking for a solid foundation of stability and comfortable cushioning.,High Top,169.99
147,Jordan Why Not Zero.5,Jordan,Russell Westbrook,2022-02-01,Players that enjoy the feeling of forefoot Zoom.,Mid Top,149.99
148,Nike Air Zoom GT Jump,Nike,,2022-02-01,Best for players with an explosive play style looking for good cushioning.,High Top,179.99
149,Adidas Harden Vol. 6,Adidas,James Harden,2022-02-01,Great shoe for fans of the full-length Boost setup,Low Top,139.99
150,Nike PG 6,Nike,Paul George,2022-02-01,Best for players looking for a well-balanced performance shoe.,Low Top,119.99
151,Jordan Zoom Separate,Jordan,,2022-01-01,Best for forefoot heavy players that need the cushion.,Low Top,119.99
152,Puma MB.01,Puma,LaMelo Ball,2022-01-01,Good fit for players that are looking for a solid overall shoe.,Mid Top,124.99
153,Nike Fly By Mid 3,Nike,,2022-01-01,Players who are budget conscious or who're looking for a pair to beat up.,Low Top,64.99
154,Adidas Harden Stepback 3,Adidas,James Harden,2022-01-01,Recommended for guards that heavily rely on footwork,Low Top,79.99
155,Nike Kyrie 8,Nike,Kyrie Irving,2021-12-01,Best for players looking for a shoe with no real weaknesses.,High Top,139.99
156,Under Armour Curry 9,Under Armour,Stephen Curry,2021-12-01,Great shoe if you rely on traction and court feel.,Low Top,159.99
157,Adidas Dame 8,Adidas,Damian Lillard,2021-12-01,"Recommended if you play on clean courts and looking for comfortable, supportive shoes.",Low Top,119.99
158,Nike Kyrie Flytrap 5,Nike,Kyrie Irving,2021-11-01,Players that like a responsive shoe and don't need impact protection.,Low Top,89.99
159,Nike Lebron 19,Nike,Lebron James,2021-11-01,Perfect if you enjoy extra cushion and impact protection.,High Top,199.99
160,Jordan One Take 3,Jordan,Russell Westbrook,2021-11-01,Anyone looking for a price-conscious shoe without sacrificing anything performance-wise.,Low Top,99.99
161,Nike Lebron Witness 6,Nike,Lebron James,2021-10-01,Players that really like the aesthetic or players that are looking for a shoe that can hold up outdoors.,Low Top,99.99
162,Nike Air Max Impact 3,Nike,,2021-10-01,Good choice for players that are looking for a shoe to beat up outdoors,Mid Top,89.99
163,Air Jordan 36,Jordan,Michael Jordan,2021-09-01,Great for players that are looking for a top-tier performance basketball shoe.,High Top,184.99
164,Puma Fusion Nitro Spectra,Puma,,2021-09-01,Players that are looking for grippy traction.,Low Top,129.99
165,Adidas Trae Young 1,Adidas,Trae Young,2021-09-01,Fans of Trae Young that are looking for a comfortable cushion setup.,Low Top,139.99
166,Under Armour Flow FUTR X,Under Armour,,2021-08-01,Perfect shoe for guards that have a quick style of play.,Low Top,119.99
167,Adidas Exhibit A,Adidas,,2021-08-01,Great for players that have a quick and shifty play style.,Low Top,109.99
168,Adidas D Rose Son Of Chi,Adidas,Derrick Rose,2021-08-01,Players with quick playstyles and don't need lots of impact protection.,High Top,99.99
169,Adidas D.O.N Issue #3,Adidas,Donovan Mitchell,2021-07-01,Best for players looking for a responsive and lightweight shoe.,Low Top,109.99
170,Nike Zoom Freak 3,Nike,Giannis Antetokounmpo,2021-07-01,Good choice for players that enjoy a lightweight and minimal feeling shoe.,Low Top,119.99
171,Nike Air Zoom G.T. Run,Nike,,2021-07-01,Recommended for players that look for cushion and impact protection.,Mid Top,174.99
172,Nike Giannis Immortality,Nike,Giannis Antetokounmpo,2021-07-01,Best for price-conscious players looking for a shoe that feels quick.,Low Top,79.99
173,Nike Kyrie Low 4,Nike,Kyrie Irving,2021-06-01,Especially recommended for guards that want a responsive shoe.,Low Top,109.99
174,Under Armour Curry 3Z5,Under Armour,Stephen Curry,2021-06-01,Guards who want to play quick but still like impact protection.,Low Top,79.99
175,Nike Air Zoom G.T. Cut,Nike,,2021-05-01,Players that like a fast and responsive shoe.,Low Top,169.99
176,Jordan Zion 1,Jordan,Zion Williamson,2021-05-01,A very versatile shoe that will work for most players.,Mid Top,119.99
177,Nike KD Trey 5 IX,Nike,Kevin Durant,2021-05-01,"Solid pickup if you are looking for lightweight, minimal, and affordable basketball shoes.",Low Top,89.99
178,Adidas N3XT L3V3L Futurenatural,Adidas,,2021-04-01,Best for guards or wings who need a lot of responsiveness with some ankle support.,Mid Top,179.99
179,Nike KD 14,Nike,Kevin Durant,2021-04-01,A versatile shoe that works for all type of players.,Mid Top,149.99
180,Nike Precision 5,Nike,,2021-04-01,A good shoe for those who like court feel and don't need much impact protection.,Low Top,69.99
181,Puma Court Rider,Puma,,2021-04-01,Players that enjoy low to the ground shoes.,Low Top,99.99
182,Under Armour Anatomix Spawn 3,Under Armour,,2021-03-01,Great for any position or player who wants a balanced cushion setup.,Low Top,99.99
183,Nike Cosmic Unity,Nike,,2021-03-01,Best for players who need a good mix of impact protection and court feel.,Low Top,149.99
184,Nike Lebron 18 Low,Nike,Lebron James,2021-03-01,Great for forwards or centers who need a lot of impact protection.,Low Top,159.99
185,New Balance TWO WXY,New Balance,,2021-03-01,Great for players of any position who look for court feel and ankle support.,Mid Top,139.99
186,Nike PG 5,Nike,Paul George,2021-02-01,"Works best for players that prefer a minimal, lightweight, and responsive shoe no matter what position they play.",Low Top,109.99
187,Li-Ning Way of Wade 9 Infinity,Li-Ning,Dwyane Wade,2021-02-01,Players that like to take advantage of their straight-line speed.,High Top,255.0
188,Li-Ning Way of Wade 9,Li-Ning,Dwyane Wade,2021-02-01,"Recommended for most playstyles, but more so for laterally, shifty players.",Low Top,225.0
189,Adidas Harden Vol. 5,Adidas,James Harden,2021-01-01,Only recommended for players who hoop outdoors and need a responsive shoe.,Low Top,129.99
190,Nike Kobe 6 Protro,Nike,Kobe Bryant,2021-01-01,"Players who want a strong performing, balanced shoe.",Low Top,179.99
191,Adidas Harden Stepback 2,Adidas,James Harden,2021-01-01,Best for guards or wings who want court feel and don't need a lot of compression.,Low Top,79.99
192,Jordan Why Not Zero.4,Jordan,Russell Westbrook,2021-01-01,Great for players who like forefoot Zoom and don't make a lot of lateral moves.,Mid Top,129.99
193,Jordan One Take 2,Jordan,Russell Westbrook,2021-01-01,Only recommended for players who need an affordable option for primarily outdoor play.,Low Top,99.99
194,Jordan Jumpman 2021,Jordan,,2021-01-01,Best for quick players who need the cushioning to take care of their legs.,Mid Top,109.99
195,Under Armour Curry 8,Under Armour,Stephen Curry,2020-12-01,Great all around hoop shoe for guards and wings.,Low Top,159.99
196,Adidas D Rose 11,Adidas,Derrick Rose,2020-12-01,Great for wide footers or those who prefer a roomier fit.,Mid Top,139.99
197,Nike Zoom Rize 2,Nike,,2020-12-01,Works for centers as well as explosive down-the-line guards.,Mid Top,159.99
198,Puma Clyde All-Pro,Puma,,2020-12-01,Great for any position or player who likes responsive cushion and a minimal feel.,Low Top,129.99
199,Li-Ning Wade All City 9,Li-Ning,Dwyane Wade,2020-12-01,A great pick for just about any position.,Low Top,149.0
200,Nike Kyrie 7,Nike,Kyrie Irving,2020-11-01,Great for quick players like guards who are shifty and make a lot of cuts.,Mid Top,139.99
201,Nike Lebron Witness 5,Nike,Lebron James,2020-11-01,Great for players of all positions looking for a <$100 hoop shoe.,Mid Top,99.99
202,New Balance Kawhi 1,New Balance,Kawhi Leonard,2020-11-01,Best for bigger players who need a very supportive and rigid shoe.,Mid Top,159.99
203,Nike Kyrie Flytrap 4,Nike,Kyrie Irving,2020-11-01,Great for quick guards who need a cheap and responsive shoe.,Mid Top,89.99
204,Nike Lebron 18,Nike,Lebron James,2020-10-01,Great for big guys who like soft and comfortable cushioning.,High Top,199.99
205,Air Jordan 35,Jordan,Michael Jordan,2020-10-01,The perfect shoe for players of every position who want a premium experience.,High Top,179.99
206,Adidas Dame 7,Adidas,Damian Lillard,2020-10-01,A perfectly balanced shoe that fits any position or player.,Low Top,109.99
207,Nike Kyrie Low 3,Nike,Kyrie Irving,2020-09-01,Best for guards or wings who need a lot of court feel and support.,Low Top,109.99
208,Puma RS Dreamer,Puma,,2020-09-01,Great for guards or big guys that need a supportive shoe.,Low Top,124.99
209,Nike Lebron Soldier 14,Nike,Lebron James,2020-09-01,Great for big guys who like forefoot cushion and need a lot of support.,High Top,139.99
210,Under Armour Embiid 1,Under Armour,Joel Embiid,2020-09-01,Great for any position or player looking for a responsive shoe.,Mid Top,119.99
211,Nike Kybrid S2,Nike,Kyrie Irving,2020-09-01,Great for guards and smaller wings who are quick on their feet.,Mid Top,139.99
212,Adidas D.O.N Issue #2,Adidas,Donovan Mitchell,2020-08-01,Players looking for a very supportive shoe with good impact protection,Low Top,99.99
213,Nike Zoom Freak 2,Nike,Giannis Antetokounmpo,2020-08-01,A great choice for guards who prefer court feel over impact protection.,Low Top,119.99
214,Adidas N3XT L3V3L 2020,Adidas,,2020-08-01,Any type of player who wants to be light and quick on their feet,High Top,149.99
215,Nike Renew Elevate,Nike,,2020-08-01,A good choice for outdoor courts,High Top,79.99
216,Adidas Pro Boost Low,Adidas,,2020-08-01,Great for fast and quick players who need a supportive and minimal shoe.,Low Top,109.99
217,Nike Mama Fury,Nike,Kobe Bryant,2020-08-01,Best for players who like snug shoes with a lot of court feel,Low Top,99.99
218,Jordan React Elevation,Jordan,,2020-08-01,Great for any position or style of play.,High Top,119.99
219,Nike Air Zoom BB NXT,Nike,,2020-07-01,Works best for big guys looking for a lot of impact protection,Low Top,179.99
220,Under Armour HOVR Havoc 3,Under Armour,,2020-07-01,Best for quick guards who need a responsive and supportive shoe.,Low Top,109.99
221,Adidas Crazy BYW 2.0,Adidas,,2020-05-01,Great shoe if you are looking for a supportive and well-cushioned Low Top.,Low Top,159.99
222,Jordan Westbrook One Take,Jordan,Russell Westbrook,2020-05-01,Great pick for price-conscious players looking for an all-around solid performing shoe.,Mid Top,99.99
223,Converse G4 Low,Converse,,2020-05-01,Works best for players looking for a responsive and stable shoe,Low Top,109.99
224,Nike KD 13,Nike,Kevin Durant,2020-04-01,A great pick if you are looking for a comfortable shoe that will also work outdoors.,Mid Top,149.99
225,Nike KD Trey 5 VIII,Nike,Kevin Durant,2020-04-01,Best for outdoor use or those looking for a good deal,Mid Top,89.99
226,Nike Adapt BB 2.0,Nike,,2020-02-01,Collector's item for sneakerheads who are into the innovative tech,Low Top,399.99
227,Nike Lebron 17 Low,Nike,Lebron James,2020-02-01,A great choice for Lebron fans who prefer low-tops compared to Lebron's pretty bulky high-tops,Low Top,169.99
228,Adidas Pro Model 2G,Adidas,,2020-02-01,Perfect if you are looking for affordable shoes that work outdoors.,Mid Top,99.99
229,Jordan Why Not Zero.3,Jordan,Russell Westbrook,2020-01-01,Works great for explosive players who like to stand out on the court,High Top,129.99
230,Nike Kobe 5 Protro,Nike,Kobe Bryant,2020-01-01,Must-have shoes for fans of the original Kobe 5,Low Top,179.99
231,Nike PG 4,Nike,Paul George,2020-01-01,Super comfortable and well-cushioned basketball shoes,Low Top,109.99
232,Nike Kyrie Flytrap 3,Nike,Kyrie Irving,2020-01-01,Works best as your outdoor basketball shoes,Low Top,79.99
233,Li-Ning Way of Wade 8,Li-Ning,Dwyane Wade,2020-01-01,Quick players who need a responsive shoe that can keep up,High Top,225.0
234,Under Armour Anatomix Spawn 2,Under Armour,,2020-01-01,Works best for guards with wide feet looking for a responsive shoe,Low Top,99.99
235,Adidas Harden Stepback,Adidas,James Harden,2020-01-01,A great choice for price-conscious guards who like responsive cushioning,Low Top,79.99
236,Adidas Dame 6,Adidas,Damian Lillard,2019-12-01,Works best for guards who play on clean courts most of the time,Low Top,109.99
237,Nike Air Zoom UNVRS,Nike,,2019-12-01,Good choice if you are looking for shoes that are comfortable and easy to put on,High Top,159.99
238,Under Armour Curry 7,Under Armour,Stephen Curry,2019-11-01,Works best for quick guards who value court feel over impact protection,Low Top,139.99
239,Puma Clyde Hardwood,Puma,,2019-11-01,"Great shoe if you are looking for beastly traction and minimal, responsive cushioning",Low Top,119.99
240,New Balance OMN1S,New Balance,,2019-11-01,"A durable performer with comfortable cushioning, good materials, and great traction on clean courts",High Top,139.99
241,Nike Kyrie 6,Nike,Kyrie Irving,2019-11-01,"Great traction and support with a low-to-the-ground, responsive cushioning",High Top,129.99
242,Air Jordan 34,Jordan,Michael Jordan,2019-10-01,A great option if you are looking for a light & stylish shoe with no real weaknesses,High Top,179.99
243,Nike Lebron 17,Nike,Lebron James,2019-10-01,"Top choice if you are looking for a comfortable, supportive shoe with a ton of impact protection",High Top,199.99
244,Adidas Harden Vol. 4,Adidas,James Harden,2019-10-01,"Best for guards looking for a fast, low-to-the-ground, and supportive shoe",Low Top,129.99
245,Adidas D Rose 10,Adidas,Derrick Rose,2019-10-01,Recommended for D-Rose fans who enjoy soft cushioning and play on clean courts,High Top,139.99
246,ANTA KT 5,ANTA,Klay Thompson,2019-10-01,A durable shoe for any position or style of play.,High Top,159.99
247,Nike Lebron Witness 4,Nike,Lebron James,2019-10-01,Only recommended for Lebron fans who can't afford his more expensive signature shoes,High Top,99.99
248,Jordan Jumpman 2020,Jordan,,2019-10-01,A great overall performer that comes at a very affordable retail price,High Top,109.99
249,Nike Zoom Rize,Nike,,2019-09-01,"Suitable for all players, especially big guys looking for support and comfort",High Top,139.99
250,Nike Kobe AD NXT FastFit,Nike,Kobe Bryant,2019-09-01,"Great shoe for quick, low-to-the-ground players who are into futuristic looks",Mid Top,199.99
251,Nike AlphaDunk,Nike,,2019-09-01,"Only works for slow, heavy big guys looking for support and impact protection",High Top,179.99
252,Nike KD Trey 5 VII,Nike,Kevin Durant,2019-08-01,Great shoe if you like soft cushioning and don't need a lot of support,Low Top,89.99
253,Jordan Jumpman Diamond Mid,Jordan,,2019-08-01,Perfect for players who like to stand out on the court,Mid Top,119.99
254,Adidas Pro Bounce 2019 Low,Adidas,,2019-08-01,The Pro Bounce is not recommended due to its lacking traction,Low Top,109.99
255,Jordan Zoom Zero Gravity,Jordan,,2019-08-01,A great shoe for price-conscious hoopers looking for a fast low-top,Low Top,99.99
256,Nike Zoom Freak 1,Nike,Giannis Antetokounmpo,2019-07-01,Very low-to-the-ground feeling with very firm forefoot-cushioning,Low Top,119.99
257,Adidas DON Issue 1,Adidas,Donovan Mitchell,2019-07-01,Recommended for  explosive guards looking for a supportive and responsive low-top,Low Top,99.99
258,Under Armour Curry 3Zero 3,Under Armour,Stephen Curry,2019-07-01,Great budget option for players who prefer lightweight and minimal shoes,Low Top,89.99
259,Under Armour HOVR Havoc 2,Under Armour,,2019-07-01,Best for players looking for a supportive shoe with well-balanced cushioning,High Top,119.99
260,Nike Lebron Soldier 13,Nike,Lebron James,2019-07-01,A great all-around performer that works very well for heavier players,High Top,139.99
261,Converse All Star Pro BB,Converse,,2019-06-01,Perfect for narrow-footers who like light and responsive shoes,High Top,139.99
262,Jordan CP3 12,Jordan,Chris Paul,2019-06-01,"Perfect shoe if you are looking for an affordable, top-tier performer, that you can play outdoors too",Low Top,99.99
263,Nike Kyrie Low 2,Nike,Kyrie Irving,2019-06-01,Works best for narrow-footers looking for a good allrounder with responsive cushioning,Low Top,109.99
264,Nike Mamba Focus,Nike,Kobe Bryant,2019-04-01,An affordable shoe for playing outdoors,Low Top,99.99
265,Nike KD 12,Nike,Kevin Durant,2019-04-01,A well-balanced shoe that works for a wide array of basketball players,Mid Top,149.99
266,Adidas Pro Bounce Madness,Adidas,,2019-03-01,Works for all playing styles and positions,High Top,119.99
267,Nike PG 3,Nike,Paul George,2019-02-01,Versatile shoe that works for all positions,Low Top,109.99
268,Adidas Dame 5,Adidas,Damian Lillard,2019-02-01,The Dame 5 works best for quick guards who prefer responsive cushioning,Mid Top,114.99
269,Under Armour Anatomix Spawn Low,Under Armour,,2019-02-01,Perfect for quick point guards who want to be able to stop on a dime,Low Top,109.99
270,Nike Kobe 4 Protro,Nike,Kobe Bryant,2019-02-01,A very versatile shoe that will be most appreciated by players who had the OG Kobe 4,Low Top,174.99
271,Puma Uproar,Puma,,2019-02-01,Worn by players of all positions in the NBA,Low Top,129.99
272,Nike Adapt BB,Nike,,2019-02-01,A must-have for sneakerheads who are into innovative tech!,Low Top,349.99
273,Under Armour Curry 6,Under Armour,Stephen Curry,2019-01-01,"Perfect for quick guards looking for a supportive, lightweight shoe with great court feel",Low Top,129.99
274,Jordan Why Not Zero.2,Jordan,Russell Westbrook,2019-01-01,Works best for explosive players looking for a supportive shoe,Mid Top,119.99
275,Nike Kyrie Flytrap 2,Nike,Kyrie Irving,2019-01-01,Perfect for light and quick players who don't need a lot of impact protection,Low Top,79.99
276,Li-Ning Way of Wade 7,Li-Ning,Dwyane Wade,2018-12-01,Perfect for Dwyane Wade fans who play on clean courts,Low Top,164.99
277,Adidas Marquee Boost,Adidas,,2018-12-01,Works for a wide array of basketball players,Mid Top,129.99
278,Adidas N3XT L3V3L,Adidas,,2018-12-01,"Works well for explosive players looking for a light shoe with a well-balanced, responsive cushioning setup",High Top,179.99
279,Adidas T-Mac Millenium,Adidas,Tracy McGrady,2018-12-01,Perfect for T-Mac fans looking for a good all-around performer,Low Top,159.99
280,Adidas Pro Vision,Adidas,,2018-12-01,Best for price-conscious hoopers that play on clean courts only,Mid Top,99.99
281,Nike Kyrie 5,Nike,Kyrie Irving,2018-11-01,Works best for quick guards who prefer court feel over impact protection,High Top,129.99
282,Puma Clyde Court Disrupt,Puma,,2018-10-01,"Great shoe if you are tired of Nike, Jordan, and Adidas",Mid Top,120.0
283,Air Jordan 33,Jordan,Michael Jordan,2018-10-01,Perfect if you are into innovative tech and can afford the steep price,High Top,174.99
284,Adidas Harden Vol. 3,Adidas,James Harden,2018-10-01,Perfect for players of all positions who value court feel and freedom of movement,Low Top,139.99
285,ANTA KT 4,ANTA,Klay Thompson,2018-10-01,Best for players who enjoy knitted uppers and soft cushioning,High Top,124.99
286,Nike Lebron 16,Nike,Lebron James,2018-09-01,Especially recommended for explosive and powerful wing players.,Mid Top,184.99
287,Adidas Pro Bounce Low,Adidas,,2018-09-01,Great bang for the buck and should work well for positions 1-4.,Low Top,109.99
288,Jordan Jumpman Hustle,Jordan,,2018-09-01,Great all-around performer at a very fair price!,Low Top,109.99
289,Nike KD 11,Nike,Kevin Durant,2018-08-01,Works best as a casual sneaker but doesn't perform very well on a basketball court.,Mid Top,149.99
290,Nike Kobe AD Exodus,Nike,Kobe Bryant,2018-08-01,Especially recommended for quicker guards,Low Top,139.99
291,Under Armour Curry 3Zero 2,Under Armour,Stephen Curry,2018-08-01,Solid performer at an affordable price,High Top,99.99
292,Under Armour HOVR Havoc Low,Under Armour,,2018-08-01,Works best for quick guards in need of excellent traction,Low Top,104.99
293,Jordan Super.Fly MVP L,Jordan,,2018-08-01,Works best for big guys who post up a lot,High Top,139.99
294,Nike Kyrie Low,Nike,Kyrie Irving,2018-07-01,Perfect for guards who want maximum traction and don't need a lot of cushioning,Low Top,109.99
295,Adidas D Rose 9,Adidas,Derrick Rose,2018-07-01,Great looking sneaker for players with wide feet,High Top,139.99
296,Nike PG 2.5,Nike,Paul George,2018-07-01,Perfect if you are looking for an affordable all-around performer without any weaknesses.,Low Top,109.99
297,Nike Hyperdunk X,Nike,,2018-07-01,Works best on clean courts,High Top,129.99
298,Nike Hyperdunk X Low,Nike,,2018-07-01,A solid performer that should work across a wide array of playing styles.,Low Top,119.99
299,Jordan Fly Lockdown,Jordan,,2018-05-01,Good all-around performance basketball shoe at a fair price,Mid Top,109.99
300,Jordan CP3 XI,Jordan,Chris Paul,2018-04-01,Perfect if you are looking for an affordable all-around performer with no weaknesses,Mid Top,114.99
301,Under Armour Curry 5,Under Armour,Stephen Curry,2018-04-01,Only for the biggest Curry fans,Mid Top,129.99
302,Adidas Crazylight Boost 2018,Adidas,,2018-04-01,Top performer that works best for quick guards,Low Top,119.99
303,Nike Zoom Kobe 1 Protro,Nike,Kobe Bryant,2018-04-01,Perfect if you like old-school basketball sneakers,High Top,174.99
304,Nike Kobe AD NXT 360,Nike,Kobe Bryant,2018-04-01,"Best for players looking for flashy, cutting-edge performance shoes",Low Top,199.99
305,Nike Lebron Soldier 12,Nike,Lebron James,2018-04-01,An affordable performer that will work for almost all players,High Top,139.99
306,Nike Kyrie Flytrap,Nike,Kyrie Irving,2018-03-01,Works well for wide-footers or if you are looking for a cheap outdoors shoe,Mid Top,79.99
307,Nike Lebron 15 Low,Nike,Lebron James,2018-03-01,Great shoe for explosive and heavier players,Low Top,149.99
308,Nike PG 2,Nike,Paul George,2018-02-01,Affordable all-around performer without any weaknesses.,Low Top,109.99
309,Adidas Harden Vol. 2,Adidas,James Harden,2018-02-01,Works especially well for bigger guards and heavier players,Low Top,139.99
310,Adidas Crazy BYW X,Adidas,,2018-02-01,Works best for players of all positions who have narrow feet,High Top,179.99
311,Jordan Why Not Zero.1,Jordan,Russell Westbrook,2018-01-01,Best for explosive and powerful players,Mid Top,124.99
312,Nike Kyrie 4,Nike,Kyrie Irving,2017-12-01,"Affordable, well-rounded basketball shoe",Mid Top,119.99
313,Li-Ning Way of Wade 6,Li-Ning,Dwyane Wade,2017-12-01,Great shoe for players with slightly wider feet,Low Top,154.99
314,Nike Kyrie S1,Nike,Kyrie Irving,2017-12-01,For Kyrie fans who don't mind paying premium to get these from resellers,Mid Top,129.99
315,Under Armour Curry 4 Low,Under Armour,Stephen Curry,2017-12-01,Perfect shoe for quick guards,Low Top,119.99
316,Under Armour Curry 4,Under Armour,Stephen Curry,2017-11-01,Built for quickness and court feel,High Top,129.99
317,ANTA KT3,ANTA,Klay Thompson,2017-11-01,Great performer that will work for all players,High Top,119.99
318,Nike Lebron 15,Nike,Lebron James,2017-11-01,Works extremely well for big guys that need a lot of impact protection.,High Top,184.99
319,Air Jordan 32,Jordan,Michael Jordan,2017-10-01,All-around performer that will work for all types of basketball players,Mid Top,184.99
320,Adidas Dame 4,Adidas,Damian Lillard,2017-10-01,"Works best for quick guards looking for a low-to-the-ground, responsive and light basketball shoe.",Low Top,114.99
321,Air Jordan 32 Low,Jordan,Michael Jordan,2017-10-01,Perfect for Jordan fans that prefer the freedom and flexibility of a low-top,Low Top,159.99
322,Adidas D Rose 8,Adidas,Derrick Rose,2017-09-01,Perfect if you are looking for traditional high-top basketball shoes,High Top,139.99
323,Nike Hyperdunk Flyknit 2017,Nike,,2017-08-01,Perfect shoe for guards who value court feel,High Top,159.99
324,Nike Kobe AD Mid,Nike,Kobe Bryant,2017-08-01,Poor ventilation is problematic if your feet sweat a lot,Mid Top,149.99
325,Under Armour Drive 4,Under Armour,,2017-08-01,Will work best for wide-footers,High Top,114.99
326,Jordan Super.Fly 2017,Jordan,,2017-08-01,A durable and supportive shoe which will work great for bigger guys.,Mid Top,139.99
327,Adidas Crazy Explosive PrimeKnit 2017,Adidas,,2017-07-01,Works for players of all positions,High Top,149.99
328,Nike Zoom Shift,Nike,,2017-06-01,Budget option for guards with narrow feet,Low Top,99.99
329,Nike Lebron Soldier 11,Nike,Lebron James,2017-06-01,Recommended for bigger guys who look for impact protection and support,Mid Top,129.99
330,Nike KD 10,Nike,Kevin Durant,2017-05-01,Recommended if you value impact protection and do not rely on hard cuts,Low Top,149.99
331,Under Armour Curry 3Zero,Under Armour,Stephen Curry,2017-05-01,Curry 3Zero is a solid performer at a fair price,Mid Top,119.99
332,ANTA KT Outdoor 2 Low,ANTA,Klay Thompson,2017-05-01,Works best as an affordable outdoor shoe,Low Top,79.99
333,Nike Kobe AD NXT,Nike,Kobe Bryant,2017-04-01,Works best for quick guards,Low Top,199.99
334,Nike PG1,Nike,Paul George,2017-03-01,Works best for guards with regular or narrow feet,Low Top,109.99
335,Nike KD 9 Elite,Nike,Kevin Durant,2017-03-01,Works best for players with narrow feet looking for soft cushioning,High Top,149.99
336,Jordan Ultra Fly 2,Jordan,,2017-03-01,Perfect for players with narrow feet who like to ball outdoors.,High Top,124.99
337,Under Armour Charged Controller,Under Armour,,2017-02-01,Low-cut basketball shoe designed for quick guards,Low Top,99.99
338,Jordan Melo M13,Jordan,Carmelo Anthony,2017-02-01,Stationary post up players will like the comfortable cushioning,Mid Top,134.99
339,Nike Lebron 14,Nike,Lebron James,2017-01-01,"Best for bigger, heavier players with wide feet",High Top,174.99
340,Nike Zoom Rev 17,Nike,,2017-01-01,Works best if you don't play on dusty courts,Mid Top,109.99
341,Nike Zoom Live 2017,Nike,,2017-01-01,Affordable low-top that works best for guards,Low Top,99.99
342,Nike Mamba Instinct,Nike,Kobe Bryant,2017-01-01,Meant for quick guards who want a light shoe,Low Top,99.99
343,Nike Kyrie 3,Nike,Kyrie Irving,2016-12-01,Good choice for light and quick guards who value court feel over impact protection,Mid Top,119.99
344,Adidas Harden Volume 1,Adidas,James Harden,2016-12-01,Great shoe for guards with wider feet,Low Top,139.99
345,Adidas Dame 3,Adidas,Damian Lillard,2016-12-01,Affordable performer for players with slightly wider feet,Mid Top,114.99
346,Nike Kobe AD,Nike,Kobe Bryant,2016-11-01,Best for guards who prefer firm cushioning setups,Low Top,159.99
347,ANTA KT 2,ANTA,Klay Thompson,2016-11-01,Well-performing allrounder at an affordable price,High Top,119.99
348,BrandBlack Rare Metal,BrandBlack,,2016-10-01,Perfect budget sneaker for guards with slightly wider feet.,Mid Top,109.99
349,Under Armour Curry 3,Under Armour,Stephen Curry,2016-10-01,Perfect shoe for light and quick guards,Mid Top,139.99
350,Air Jordan 31,Jordan,Michael Jordan,2016-09-01,Great shoe for Jordan fans with wider feet,Mid Top,184.99
351,Nike Zoom KD 9,Nike,Kevin Durant,2016-06-01,Perfect for players who need maximum impact protection and cushioning,Mid Top,149.99
